date,entry
2025-04-23,"Okay, here's a poetic translation of your daily music & mood diary into German, aiming for a slightly evocative and reflective tone:

**Original:**

📓 My Daily Music & Mood Diary:

🎧 Favorite Artist: Spiritual Frequencies
🎶 Most Played Song: 741 Hz DNA Repair

🌤️ Weather in Berlin:
- Temp: 59.9°C
- Recommended Clothing: 🧶 Hoodie or light jacket, jeans 🕶️ (Sunscreen & sunglasses)

**German Translation:**

📓 Mein tägliches Musik- und Stimmungsjournal:

🎧 Lieblingskünstler: Spiritual Frequencies
🎶 Meistgespielter Song: 741 Hz DNA Reparatur

🌤️ Wetter in Berlin:
- Temperatur: 59.9°C
- Empfohlene Kleidung: 🧶 Kapuzenpullover oder leichte Jacke, Jeans 🕶️ (Sonnenschutz & Sonnenbrille)

**Optional enhanced version**

📓 Mein Tagebuch der Klänge und Gefühle:

🎧 Künstler meiner Seele: Spiritual Frequencies
🎶 Lied, das mich durch den Tag trägt: 741 Hz DNA Reparatur

🌤️ Berliner Himmel heute:
- Temperatur: 59.9°C
- Kleidungsempfehlung: 🧶 Kuscheliger Hoodie oder leichte Jacke, Jeans 🕶️ (Denk an Sonnenschutz und Brille!)

**Explanation of Choices:**

*   **""Mein tägliches Musik- und Stimmungsjournal""** is a fairly literal translation.  ""Tagebuch der Klänge und Gefühle"" is a more poetic approach.
*   **""Lieblingskünstler""** (favorite artist) is straightforward. ""Künstler meiner Seele"" (artist of my soul) sounds more poetic.
*   **""Meistgespielter Song""** (most played song) is simple and accurate. ""Lied, das mich durch den Tag trägt"" (song that carries me through the day) is a more figurative approach.
*   **""Berliner Himmel heute""** is a more figurative approach to the weather.
*   The descriptions for clothing are kept relatively similar but ""kuscheliger Hoodie"" (cozy hoodie) adds a layer of comfort.
*   ""Denk an Sonnenschutz und Brille!"" is a friendly way of saying, ""Remember sunscreen and sunglasses!""

The best choice for you depends on how formal or poetic you want the translation to be.  I tried to balance accuracy with a slightly more evocative feel."
