Date,Label,DiaryEntry
2025-04-27,Summer,"**August 14th, 2024**

Berlin, mein Berlin. The summer's slipping through my fingers like sand now. It's been…interesting. 68 degrees, they tell me, with a playful windspeed of 11.9, and a cheeky little 0.1 chance of rain. Translation: ""Be prepared for anything, darling."" That's Berlin in a nutshell, isn’t it?

My wardrobe choices have definitely reflected the indecisiveness of the weather. One minute it's shorts and a tank top, feeling the sunshine on my skin. The next, it's rummaging for my hoodie, convinced the sky’s about to burst. I think I’ve worn every single outfit combination recommended at least twice. Berlin fashion: layered chaos.

And speaking of chaos...what even *is* my summer soundtrack? Apparently, I spent an enormous amount of time listening to ""Unknown"" genres. Honestly, that feels about right. Sums up a lot of life choices, really. But amidst the unidentified hum, there's been a surprising current of...zen? Spiritual Frequencies has been on repeat. Don't judge. I've been chasing that elusive inner peace, and apparently, this summer it involves a lot of frequencies I can’t quite name.

Actually, I can name *some* of them. Seems I was rather partial to 528 Hz and 639 Hz. ""Great Awareness"" and ""Raising Positive Energy"" played endlessly. Did they work? Jury's still out. But maybe, just maybe, drowning out the city's constant construction noise with vibrational frequencies actually helped me…breathe. Omah Lay and Calmly also made appearances, but the frequency music drowned out their plays.

It's funny. I came into this summer with grand plans. Travel, adventure, a whirlwind romance, maybe? Instead, it was…a quiet, internal journey soundtracked by the hum of Berlin and the supposed power of healing frequencies. A little bit of rain, a little bit of sunshine, a whole lot of ""Unknown.""

Maybe that’s the point, though. Maybe the greatest adventure isn't always outward. Maybe sometimes it’s simply tuning into your own frequency, trying to raise a little positive energy amidst the beautiful, unpredictable chaos of a Berlin summer. Now, where's that hoodie? I think the sky's looking a little…ominous."
2025-04-27,Autumn,"October 27th

The air smells like damp leaves and distant woodsmoke today, a scent I both crave and subtly mourn. Berlin is definitely transitioning. Fifty-one degrees and a persistent wind – a proper autumn kiss, all brisk and slightly unsettling. I pulled out my warmest coat this morning, though the recommendations are all over the place, from shorts and tank tops (who are these people?!) to full-on Arctic gear. I opted for the insulated jacket and boots – and definitely grabbed my umbrella.

Music-wise, autumn is a strange beast. Looking at my listening habits, it’s clear I haven't quite figured out my sonic landscape this season. Apparently, I've been listening to a lot of… ""Unknown."" Intriguing. Maybe it's the radio skipping to static, the silence between thoughts.

Then there's a huge swathe of Afrobeats. Omah Lay keeps popping up, and ""Jaiye (Ihe Geme)"" is undeniably infectious. Maybe I'm holding onto the last embers of summer, trying to dance away the encroaching grey. And then, out of left field, Gregorian chant. Proper, ancient serenity. No surprise Gregorian are in my top 3 artists as well. Maybe that's the antidote to the Afrobeats, a yearning for something still and contemplative amidst the chaos. I think I'll put some on this evening. Light some candles, let the echoes fill the apartment.

Actually, the most played song that also makes sense in my autumn brain is 'Losing My Religion'. A classic for a reason.

Calmly also shows up as a top artist, which is... interesting. Who *is* Calmly? Is it an alias, or some relaxation app playing me on the Spotify charts?

Autumn feels like a time for losing things – leaves, light, a sense of carefree abandon. But maybe it’s also about finding things too. New rhythms, new depths, a new appreciation for the quiet beauty in the decay. Perhaps I'll finally figure out what ""Unknown"" genre I've been listening to all this time. Or maybe, just maybe, I'll embrace the mystery and let it guide me deeper into the season.

Now, to brave the wind and find a café. Hot chocolate and Gregorian chant sound like the perfect afternoon plan."
2025-04-27,Winter,"**January 27th**

Berlin. Still grey, but the air feels a little…crisper today. The temp's hovering around 38, the kind of cold that bites at your cheeks and makes you thankful for every layer you own. Speaking of layers, the fashion forecast is clear: heavy coat, thermal wear, gloves, boots. Basically, I'm living in my winter cocoon. Sometimes I even need my snow boots! But honestly, I wouldn't trade it. There's a certain beauty in the starkness of winter here, a quiet hum under the snow-dusted rooftops.

My evenings are becoming increasingly soundtracked by Afrobeats. No surprise there, I guess. My music app tells me that ""Unknown"" is my top genre… which is hilarious. Maybe it’s the algorithm not being able to pin down the vibe, but really, it’s just a testament to the eclectic chaos that is my taste. Though Afrobeats and Afro Adura are definitely having a moment in my headphones. Wizkid and Burna Boy are keeping me warm from the inside out. Gotta love a bit of Victony too!

And ""FIREGUN"" with Fireboy DML... ugh. That song just *hits* different when the wind is howling outside. There’s something about the rhythm, a beat that shakes off the cold and reminds you of sunshine and dancing. ""Jaga Jaga"" and ""Paris"" are also on heavy rotation. They just cut through the gloom.

I've been thinking a lot about music lately, about how it anchors us to moments. How a song can bring you right back to a specific feeling, a particular street corner, a certain time of year. I wonder what songs will remind me of *this* winter, of the grey skies and the bundled-up walks and the music that kept the cold at bay.

Maybe it will be the feeling of the beat vibrating through my earphones, as I hurry home on a slushy street, the street lights reflecting in the melting snow. Maybe that's the memory I'll carry with me, long after the snow melts and the city thaws.

Until tomorrow, Berlin. Stay warm. Stay musical."
2025-04-27,Spring,"April 27th, Berlin

Spring, you fickle beast. Berlin is doing its usual ""now you see it, now you don't"" with the sunshine. 51 degrees and a bracing wind that feels like it's trying to steal my hat. The recommendations haven't lied - it's definitely still a coat-and-boots situation. Saw a few brave souls in t-shirts yesterday, but I suspect they regretted it after five minutes.

Music-wise, things are definitely thawing. I just realized that my Spotify Wrapped-esque Spring data would make great journaling material. Interesting that Afrobeats is still dominating. Seems like Burna Boy and ODUMODUBLVCK are the soundtracks to my bike rides through the Tiergarten. There's something about the energy that matches the sudden bursts of vibrant green after the long, grey winter. The top song ""Update""... I'm not even sure *why* I listened to that so much. Maybe it resonated with the constant feeling of needing to catch up after being hibernation mode.

And then there's Gregorian chant. That's a surprise, honestly. I guess when the sun manages to break through the clouds and illuminate the Dom, I get all contemplative. Gregorian's actually up there in artists too... It’s calming. And maybe I’m a bit of a sucker for the solemnity of it all after the winter bleakness.

Spring feels like a constant negotiation between wanting to shed all the layers and hibernating just a little bit longer. A bit like choosing between blasting ""PITY THIS BOY"" and drifting off to the monks.

Maybe tomorrow I'll risk the t-shirt and sunglasses combo. But I'll definitely pack the umbrella. Just in case.

For now, it's back to the Gregorian chant, a cup of tea, and dreaming of warmer days. The update is still pending."
2025-04-27,Year,"## December 31st

Another year bites the dust. Wow. Time truly is a slippery eel, isn't it? Looking back, this year was... interesting, to say the least. Musically, it was all over the place. I mean, sixty-thousand-something listens categorized as ""Unknown""? What was I even listening to? Maybe that's a metaphor for the year itself - a big, beautiful, unlabeled mystery box.

But amidst the unknown, there was definite movement toward Afrobeats. Burna Boy kept me company, as always, though this year Spiritual Frequencies was a surprise, and I found that my mind was soothed listening to Calmly. FIREGUN with Fireboy DML was definitely a banger I had on repeat. And ""Update,"" well, that just feels appropriate, doesn't it? Constantly trying to *update* myself, my life, my perspective. ""Paris"" brings back all kinds of memories and feelings too.

Berlin weather... oh, Berlin. Average of 51.8 degrees. Perfectly unremarkable. And the clothing recommendations... a hilarious snapshot of seasonal indecision. One minute it's shorts and tank tops (🕶️!), the next I'm swaddled in thermals like a winter warrior preparing for battle (☔️❄️!). It's a city that keeps you on your toes, fashion-wise.

I guess that's kind of how I feel about the year in general. Prepared for anything, but mostly just... trying to stay warm and dry. (Emotionally, of course. And literally, on those rainy Berlin days!).

Maybe next year, I'll try to categorize my listening habits a little better. Or maybe not. Maybe embracing the ""Unknown"" is part of the journey. Either way, bring on the new year. I'm ready (with my umbrella and sunscreen, just in case)."
2025-04-27,September,"September 30th

Okay, so September is officially waving goodbye. Hard to believe. Feels like just yesterday I was complaining about how hot it was! Now, the air has that crisp bite to it, that hint of melancholy only autumn can truly deliver. Berlin’s been showing off its September wardrobe – one minute it’s shorts and sunglasses, the next it’s a full-blown ""find the warmest hoodie"" situation. Honestly, I think I wore every single outfit recommendation on that list at least once.

My ears definitely had a soundtrack this month. Turns out I've been *really* into Afrobeats. The data doesn't lie! Almost nine thousand minutes… that's… a lot of rhythm. Though, to be fair, a chunk of my listening is classified as ""Unknown"" which, frankly, feels rather mysterious and intriguing. Maybe I’m subconsciously drawn to the unknown in music too?

Omah Lay seems to have become my September muse. His voice is just… *there*. Hits you right in the feels. Surprised to see Gregorian up there too. Those deep, resonant chants… perfect for those grey Berlin days when you just want to wrap yourself in a blanket and stare out the window. Then there’s “Spiritual Frequencies” – explains a lot, I guess. September really did feel like a journey inwards.

And the songs… well, ""Losing My Religion"" definitely resonated. There’s something about that song that just feels universally… *human*. ""BLOOD ON THE DANCE FLOOR"" was a shocker (I wasn't expecting Michael!) and ""soso"" by Omah Lay just hits different.

The numbers tell one story, the feelings tell another. This September felt like a dance between the sun and the rain, between vibrant Afrobeats and meditative Gregorian chants. A bittersweet melody playing out under Berlin’s ever-changing September sky. And maybe, just maybe, that’s not such a bad way to end the summer."
2025-04-27,Week,"**Sunday, April 6th, 2025**

Well, another week bites the dust. Or, in Berlin's case, another week blows by with a gust of wind and a sky that can't quite decide if it wants to rain, shine, or just brood. The weather report was right – it's been a coat-and-boots kind of week, switching between needing an umbrella and regretting not bringing my sunglasses. Seriously, Berlin, make up your mind! The city feels like it's stuck in perpetual March, a grey prelude to the explosion of spring.

My internal landscape, however, has been surprisingly sunny. Music has been my constant companion this week, a warm blanket against the Berlin chill. The data doesn't lie: I've been completely lost in the world of Afrobeats. It’s been the soundtrack to everything, from my morning commute to late-night coding sessions. There's something about the rhythm that just pulls you in, shakes off the winter blues, and makes you want to dance even in the middle of a crowded U-Bahn station (though I restrain myself, mostly).

Prettyboy D-O and Burna Boy have been battling it out for the top spot in my ears all week. It's like a sonic tug-of-war between raw energy and polished fire. And Phyno snuck in there too! Listening to ""Update"" and ""Shame On You"" felt like a continuous loop. Honestly, maybe my subconscious is trying to tell me something – about staying updated or feeling a little…well, shameful. I'll ponder that later. “Trouble Maker” really did find its way into my days this week.

It's interesting, isn't it, how data can reveal little pieces of yourself that you might not even be aware of? A snapshot of your sonic cravings, a map of your inner rhythms. It’s almost like a personal weather forecast, telling you what kind of emotional climate you’ve been living in.

Next week, I think I'll try to venture out a bit more, brave the uncertain weather, and explore a new corner of Berlin. Maybe find a little bit of sunshine hidden amongst the grey. And who knows, maybe even find a new song to add to the soundtrack of my life. For now, though, it's time to curl up with a cup of tea and let the Afrobeats keep the chill at bay."
2025-04-27,Day,"**2025-04-06**

Okay, Berlin, you win. Today felt like a perpetual Monday, and the weather certainly didn't help. 39 degrees? In *April*? And a wind that could knock over a small dog. Seriously had to dig out the winter coat again. The clothing recommendation was spot on – heavy coat, the works. At least the sunshine tried to peek through, so I felt a tad silly with sunglasses and a winter parka!

Music has been my escape today. Escapism in the form of Afrobeats, mostly. Funny, that ""Unknown"" genre is sitting so high in the stats... wonder what that's all about? Maybe I should be more adventurous. Anyway, ODUMODUBLVCK was the soundtrack to my… well, not exactly productivity, but *existence* today. Wande Coal and Llona helped, too. ""So Mi So"" just gets me moving, even if I'm just shuffling around the flat trying to avoid the icy drafts coming through the window cracks. 

""Jaga Jaga"" is becoming a bit of an anthem lately. Maybe it's the slightly chaotic energy that resonates with the current state of… everything. And ""FIREGUN"" – something about Fireboy DML's voice just cuts through the gloom. Music truly is a balm.

It's funny how music can transport you. Close your eyes, and you're on a beach in Lagos, not huddled inside trying to decipher the Berlin weather report. Maybe tomorrow will be better. Maybe tomorrow the sun will *actually* be warm. Until then, Afrobeats and thermal underwear it is. Goodnight, diary. Let's hope I dream of warmer days."
