date,time,city,country,temperature_c,temperature_f,condition,wind_kph,humidity,uv_index,clothing_recommendation
2025-04-14,00:00,Berlin,Germany,13.3,55.9,Partly Cloudy ,6.1,82,0.0,"🧶 Hoodie or light jacket, jeans"
2025-04-14,01:00,Berlin,Germany,12.8,55.0,Partly Cloudy ,6.5,83,0.0,"🧶 Hoodie or light jacket, jeans"
2025-04-14,02:00,Berlin,Germany,12.4,54.4,Partly Cloudy ,5.4,84,0.0,"🧶 Hoodie or light jacket, jeans"
2025-04-14,03:00,Berlin,Germany,12.5,54.5,Partly Cloudy ,5.4,83,0.0,"🧶 Hoodie or light jacket, jeans"
2025-04-14,04:00,Berlin,Germany,12.3,54.1,Patchy rain nearby,5.4,84,0.0,"🧶 Hoodie or light jacket, jeans ☔ (Don't forget an umbrella!)"
2025-04-14,05:00,Berlin,Germany,12.3,54.1,Patchy rain nearby,5.8,86,0.0,"🧶 Hoodie or light jacket, jeans ☔ (Don't forget an umbrella!)"
2025-04-14,06:00,Berlin,Germany,12.2,54.0,Patchy light drizzle,6.8,88,0.0,"🧶 Hoodie or light jacket, jeans"
2025-04-14,07:00,Berlin,Germany,12.8,55.0,Patchy rain nearby,7.9,87,0.1,"🧶 Hoodie or light jacket, jeans ☔ (Don't forget an umbrella!)"
2025-04-14,08:00,Berlin,Germany,14.1,57.3,Partly Cloudy ,8.6,80,0.4,"🧶 Hoodie or light jacket, jeans"
2025-04-14,09:00,Berlin,Germany,15.6,60.0,Partly Cloudy ,9.7,71,0.7,"🧶 Hoodie or light jacket, jeans"
2025-04-14,10:00,Berlin,Germany,17.1,62.7,Patchy rain nearby,11.5,62,0.8,"👕 T-shirt, jeans/skirt, sneakers ☔ (Don't forget an umbrella!)"
2025-04-14,11:00,Berlin,Germany,17.2,63.0,Partly cloudy,12.2,63,1.8,"👕 T-shirt, jeans/skirt, sneakers"
2025-04-14,12:00,Berlin,Germany,19.1,66.5,Patchy rain nearby,11.5,47,3.3,"👕 T-shirt, jeans/skirt, sneakers ☔ (Don't forget an umbrella!)"
2025-04-14,13:00,Berlin,Germany,19.9,67.7,Patchy rain nearby,11.9,42,4.0,"👕 T-shirt, jeans/skirt, sneakers ☔ (Don't forget an umbrella!)"
2025-04-14,14:00,Berlin,Germany,19.2,66.5,Overcast ,11.2,42,3.3,"👕 T-shirt, jeans/skirt, sneakers"
2025-04-14,15:00,Berlin,Germany,18.4,65.1,Partly Cloudy ,7.6,45,2.0,"👕 T-shirt, jeans/skirt, sneakers"
2025-04-14,16:00,Berlin,Germany,18.3,64.9,Partly Cloudy ,4.0,45,1.3,"👕 T-shirt, jeans/skirt, sneakers"
2025-04-14,17:00,Berlin,Germany,18.9,66.0,Sunny,5.4,43,0.8,"👕 T-shirt, jeans/skirt, sneakers"
2025-04-14,18:00,Berlin,Germany,17.9,64.3,Sunny,6.5,47,0.5,"👕 T-shirt, jeans/skirt, sneakers"
2025-04-14,19:00,Berlin,Germany,15.7,60.3,Sunny,7.9,55,0.2,"🧶 Hoodie or light jacket, jeans"
2025-04-14,20:00,Berlin,Germany,14.7,58.5,Sunny,8.3,59,0.0,"🧶 Hoodie or light jacket, jeans"
2025-04-14,21:00,Berlin,Germany,14.1,57.4,Clear ,9.0,61,0.0,"🧶 Hoodie or light jacket, jeans"
2025-04-14,22:00,Berlin,Germany,13.5,56.4,Clear ,10.1,63,0.0,"🧶 Hoodie or light jacket, jeans"
2025-04-14,23:00,Berlin,Germany,13.0,55.4,Partly Cloudy ,10.4,64,0.0,"🧶 Hoodie or light jacket, jeans"
2025-04-15,00:00,Berlin,Germany,13.2,55.7,Partly Cloudy ,12.2,65,0.0,"🧶 Hoodie or light jacket, jeans"
2025-04-15,01:00,Berlin,Germany,13.0,55.5,Partly Cloudy ,13.7,67,0.0,"🧶 Hoodie or light jacket, jeans"
2025-04-15,02:00,Berlin,Germany,12.8,55.0,Clear ,14.8,69,0.0,"🧶 Hoodie or light jacket, jeans"
2025-04-15,03:00,Berlin,Germany,12.5,54.4,Clear ,15.8,71,0.0,"🧶 Hoodie or light jacket, jeans"
2025-04-15,04:00,Berlin,Germany,12.0,53.6,Clear ,14.8,76,0.0,"🧶 Hoodie or light jacket, jeans"
2025-04-15,05:00,Berlin,Germany,11.7,53.0,Clear ,15.1,79,0.0,"🧶 Hoodie or light jacket, jeans"
2025-04-15,06:00,Berlin,Germany,12.0,53.7,Partly Cloudy ,15.1,81,0.0,"🧶 Hoodie or light jacket, jeans"
2025-04-15,07:00,Berlin,Germany,13.6,56.4,Partly Cloudy ,15.8,77,0.1,"🧶 Hoodie or light jacket, jeans"
2025-04-15,08:00,Berlin,Germany,15.2,59.3,Partly Cloudy ,18.7,72,0.5,"🧶 Hoodie or light jacket, jeans"
2025-04-15,09:00,Berlin,Germany,17.4,63.3,Patchy rain nearby,21.2,64,1.0,"👕 T-shirt, jeans/skirt, sneakers ☔ (Don't forget an umbrella!)"
2025-04-15,10:00,Berlin,Germany,15.6,60.2,Patchy rain nearby,18.0,74,1.9,"🧶 Hoodie or light jacket, jeans ☔ (Don't forget an umbrella!)"
2025-04-15,11:00,Berlin,Germany,14.4,57.9,Light drizzle,18.4,80,0.6,"🧶 Hoodie or light jacket, jeans"
2025-04-15,12:00,Berlin,Germany,14.1,57.3,Patchy rain nearby,19.8,82,0.3,"🧶 Hoodie or light jacket, jeans ☔ (Don't forget an umbrella!)"
2025-04-15,13:00,Berlin,Germany,14.1,57.4,Overcast ,20.5,82,0.3,"🧶 Hoodie or light jacket, jeans"
2025-04-15,14:00,Berlin,Germany,14.1,57.4,Overcast ,19.1,84,0.4,"🧶 Hoodie or light jacket, jeans"
2025-04-15,15:00,Berlin,Germany,13.9,57.1,Overcast ,17.3,85,0.3,"🧶 Hoodie or light jacket, jeans"
2025-04-15,16:00,Berlin,Germany,13.8,56.9,Patchy rain nearby,15.8,86,0.3,"🧶 Hoodie or light jacket, jeans ☔ (Don't forget an umbrella!)"
2025-04-15,17:00,Berlin,Germany,13.6,56.5,Patchy rain nearby,14.8,87,0.2,"🧶 Hoodie or light jacket, jeans ☔ (Don't forget an umbrella!)"
2025-04-15,18:00,Berlin,Germany,13.4,56.2,Patchy rain nearby,14.4,89,0.1,"🧶 Hoodie or light jacket, jeans ☔ (Don't forget an umbrella!)"
2025-04-15,19:00,Berlin,Germany,13.2,55.8,Patchy rain nearby,13.7,90,0.0,"🧶 Hoodie or light jacket, jeans ☔ (Don't forget an umbrella!)"
2025-04-15,20:00,Berlin,Germany,13.1,55.6,Patchy rain nearby,12.2,90,0.0,"🧶 Hoodie or light jacket, jeans ☔ (Don't forget an umbrella!)"
2025-04-15,21:00,Berlin,Germany,13.1,55.5,Overcast ,10.4,90,0.0,"🧶 Hoodie or light jacket, jeans"
2025-04-15,22:00,Berlin,Germany,12.6,54.7,Overcast ,7.9,92,0.0,"🧶 Hoodie or light jacket, jeans"
2025-04-15,23:00,Berlin,Germany,11.7,53.1,Mist,6.8,95,0.0,"🧶 Hoodie or light jacket, jeans"
2025-04-16,00:00,Berlin,Germany,11.3,52.4,Mist,7.2,96,0.0,"🧶 Hoodie or light jacket, jeans"
2025-04-16,01:00,Berlin,Germany,11.0,51.9,Mist,7.2,96,0.0,"🧶 Hoodie or light jacket, jeans"
2025-04-16,02:00,Berlin,Germany,10.9,51.6,Mist,6.5,96,0.0,"🧶 Hoodie or light jacket, jeans"
2025-04-16,03:00,Berlin,Germany,11.0,51.8,Mist,6.5,95,0.0,"🧶 Hoodie or light jacket, jeans"
2025-04-16,04:00,Berlin,Germany,10.9,51.7,Mist,6.8,95,0.0,"🧶 Hoodie or light jacket, jeans"
2025-04-16,05:00,Berlin,Germany,10.9,51.7,Mist,6.1,94,0.0,"🧶 Hoodie or light jacket, jeans"
2025-04-16,06:00,Berlin,Germany,11.4,52.5,Partly Cloudy ,6.1,93,0.0,"🧶 Hoodie or light jacket, jeans"
2025-04-16,07:00,Berlin,Germany,13.1,55.6,Partly Cloudy ,6.5,85,0.1,"🧶 Hoodie or light jacket, jeans"
2025-04-16,08:00,Berlin,Germany,15.1,59.1,Sunny,5.8,76,0.5,"🧶 Hoodie or light jacket, jeans"
2025-04-16,09:00,Berlin,Germany,17.0,62.6,Sunny,5.8,68,1.2,"🧶 Hoodie or light jacket, jeans"
2025-04-16,10:00,Berlin,Germany,18.8,65.8,Sunny,7.6,62,2.2,"👕 T-shirt, jeans/skirt, sneakers"
2025-04-16,11:00,Berlin,Germany,20.5,68.9,Partly Cloudy ,5.4,56,3.3,"👕 T-shirt, jeans/skirt, sneakers"
2025-04-16,12:00,Berlin,Germany,21.8,71.3,Sunny,4.3,50,4.2,"👕 T-shirt, jeans/skirt, sneakers"
2025-04-16,13:00,Berlin,Germany,22.8,73.1,Sunny,3.2,45,4.5,"👕 T-shirt, jeans/skirt, sneakers"
2025-04-16,14:00,Berlin,Germany,23.4,74.2,Sunny,3.6,43,4.3,"👕 T-shirt, jeans/skirt, sneakers"
2025-04-16,15:00,Berlin,Germany,23.5,74.2,Sunny,5.8,41,3.5,"👕 T-shirt, jeans/skirt, sneakers"
2025-04-16,16:00,Berlin,Germany,23.5,74.3,Partly Cloudy ,8.6,41,2.5,"👕 T-shirt, jeans/skirt, sneakers"
2025-04-16,17:00,Berlin,Germany,22.9,73.2,Cloudy ,13.3,45,1.3,"👕 T-shirt, jeans/skirt, sneakers"
2025-04-16,18:00,Berlin,Germany,21.6,70.9,Partly Cloudy ,14.0,52,0.2,"👕 T-shirt, jeans/skirt, sneakers"
2025-04-16,19:00,Berlin,Germany,20.6,69.1,Patchy rain nearby,14.0,57,0.0,"👕 T-shirt, jeans/skirt, sneakers ☔ (Don't forget an umbrella!)"
2025-04-16,20:00,Berlin,Germany,20.1,68.1,Patchy rain nearby,15.8,59,0.0,"👕 T-shirt, jeans/skirt, sneakers ☔ (Don't forget an umbrella!)"
2025-04-16,21:00,Berlin,Germany,19.5,67.1,Patchy rain nearby,17.6,62,0.0,"👕 T-shirt, jeans/skirt, sneakers ☔ (Don't forget an umbrella!)"
2025-04-16,22:00,Berlin,Germany,18.5,65.4,Patchy rain nearby,16.2,69,0.0,"👕 T-shirt, jeans/skirt, sneakers ☔ (Don't forget an umbrella!)"
2025-04-16,23:00,Berlin,Germany,17.8,64.0,Patchy rain nearby,16.2,73,0.0,"👕 T-shirt, jeans/skirt, sneakers ☔ (Don't forget an umbrella!)"
2025-04-14,00:00,London,United Kingdom,8.5,47.3,Partly Cloudy ,8.3,80,0.0,"🧥 Jacket, scarf, boots"
2025-04-14,01:00,London,United Kingdom,7.9,46.2,Clear ,8.3,84,0.0,"🧥 Jacket, scarf, boots"
2025-04-14,02:00,London,United Kingdom,7.4,45.2,Clear ,7.6,86,0.0,"🧥 Jacket, scarf, boots"
2025-04-14,03:00,London,United Kingdom,6.9,44.4,Clear ,6.8,87,0.0,"🧥 Jacket, scarf, boots"
2025-04-14,04:00,London,United Kingdom,6.5,43.7,Clear ,6.5,88,0.0,"🧥 Jacket, scarf, boots"
2025-04-14,05:00,London,United Kingdom,6.3,43.4,Clear ,5.8,88,0.0,"🧥 Jacket, scarf, boots"
2025-04-14,06:00,London,United Kingdom,6.7,44.1,Clear ,6.1,85,0.0,"🧥 Jacket, scarf, boots"
2025-04-14,07:00,London,United Kingdom,8.3,46.9,Sunny,8.6,76,0.1,"🧥 Jacket, scarf, boots"
2025-04-14,08:00,London,United Kingdom,9.9,49.9,Partly Cloudy ,11.2,70,0.5,"🧥 Jacket, scarf, boots"
2025-04-14,09:00,London,United Kingdom,11.7,53.0,Overcast ,13.7,62,1.1,"🧶 Hoodie or light jacket, jeans"
2025-04-14,10:00,London,United Kingdom,12.1,53.8,Partly cloudy,15.1,67,1.8,"🧶 Hoodie or light jacket, jeans"
2025-04-14,11:00,London,United Kingdom,14.1,57.4,Overcast ,16.9,47,2.7,"🧶 Hoodie or light jacket, jeans"
2025-04-14,12:00,London,United Kingdom,14.7,58.5,Cloudy ,18.7,44,3.3,"🧶 Hoodie or light jacket, jeans"
2025-04-14,13:00,London,United Kingdom,14.9,58.7,Overcast ,19.1,48,3.8,"🧶 Hoodie or light jacket, jeans"
2025-04-14,14:00,London,United Kingdom,14.1,57.4,Overcast ,19.8,52,3.2,"🧶 Hoodie or light jacket, jeans"
2025-04-14,15:00,London,United Kingdom,13.9,57.1,Patchy rain nearby,18.7,55,1.9,"🧶 Hoodie or light jacket, jeans ☔ (Don't forget an umbrella!)"
2025-04-14,16:00,London,United Kingdom,14.3,57.7,Patchy rain nearby,18.7,54,1.2,"🧶 Hoodie or light jacket, jeans ☔ (Don't forget an umbrella!)"
2025-04-14,17:00,London,United Kingdom,13.7,56.7,Patchy rain nearby,16.6,60,0.9,"🧶 Hoodie or light jacket, jeans ☔ (Don't forget an umbrella!)"
2025-04-14,18:00,London,United Kingdom,13.1,55.6,Patchy rain nearby,11.5,67,0.4,"🧶 Hoodie or light jacket, jeans ☔ (Don't forget an umbrella!)"
2025-04-14,19:00,London,United Kingdom,12.2,53.9,Patchy rain nearby,8.6,73,0.1,"🧶 Hoodie or light jacket, jeans ☔ (Don't forget an umbrella!)"
2025-04-14,20:00,London,United Kingdom,12.0,53.6,Patchy rain nearby,7.9,74,0.0,"🧶 Hoodie or light jacket, jeans ☔ (Don't forget an umbrella!)"
2025-04-14,21:00,London,United Kingdom,11.7,53.1,Overcast ,10.1,74,0.0,"🧶 Hoodie or light jacket, jeans"
2025-04-14,22:00,London,United Kingdom,11.3,52.4,Light drizzle,9.4,76,0.0,"🧶 Hoodie or light jacket, jeans"
2025-04-14,23:00,London,United Kingdom,11.1,52.0,Patchy rain nearby,3.6,80,0.0,"🧶 Hoodie or light jacket, jeans ☔ (Don't forget an umbrella!)"
2025-04-15,00:00,London,United Kingdom,10.5,50.9,Light rain,4.7,88,0.0,"🧶 Hoodie or light jacket, jeans ☔ (Don't forget an umbrella!)"
2025-04-15,01:00,London,United Kingdom,10.1,50.2,Light drizzle,4.3,92,0.0,"🧶 Hoodie or light jacket, jeans"
2025-04-15,02:00,London,United Kingdom,10.3,50.5,Partly Cloudy ,4.0,93,0.0,"🧶 Hoodie or light jacket, jeans"
2025-04-15,03:00,London,United Kingdom,10.0,50.0,Mist,4.3,95,0.0,"🧥 Jacket, scarf, boots"
2025-04-15,04:00,London,United Kingdom,10.0,50.1,Mist,5.4,94,0.0,"🧥 Jacket, scarf, boots"
2025-04-15,05:00,London,United Kingdom,9.8,49.6,Mist,6.5,95,0.0,"🧥 Jacket, scarf, boots"
2025-04-15,06:00,London,United Kingdom,10.1,50.1,Mist,6.5,94,0.0,"🧶 Hoodie or light jacket, jeans"
2025-04-15,07:00,London,United Kingdom,10.4,50.7,Patchy rain nearby,6.5,93,0.1,"🧶 Hoodie or light jacket, jeans ☔ (Don't forget an umbrella!)"
2025-04-15,08:00,London,United Kingdom,10.8,51.4,Patchy rain nearby,6.5,92,0.2,"🧶 Hoodie or light jacket, jeans ☔ (Don't forget an umbrella!)"
2025-04-15,09:00,London,United Kingdom,11.9,53.5,Patchy rain nearby,7.2,86,0.6,"🧶 Hoodie or light jacket, jeans ☔ (Don't forget an umbrella!)"
2025-04-15,10:00,London,United Kingdom,13.2,55.8,Patchy rain nearby,6.5,77,1.4,"🧶 Hoodie or light jacket, jeans ☔ (Don't forget an umbrella!)"
2025-04-15,11:00,London,United Kingdom,14.7,58.4,Patchy rain nearby,8.3,68,2.5,"🧶 Hoodie or light jacket, jeans ☔ (Don't forget an umbrella!)"
2025-04-15,12:00,London,United Kingdom,15.9,60.7,Patchy rain nearby,8.6,59,3.4,"🧶 Hoodie or light jacket, jeans ☔ (Don't forget an umbrella!)"
2025-04-15,13:00,London,United Kingdom,16.5,61.7,Light drizzle,13.7,57,3.9,"🧶 Hoodie or light jacket, jeans"
2025-04-15,14:00,London,United Kingdom,16.3,61.3,Patchy rain nearby,15.1,57,3.4,"🧶 Hoodie or light jacket, jeans ☔ (Don't forget an umbrella!)"
2025-04-15,15:00,London,United Kingdom,16.6,61.8,Patchy rain nearby,17.3,54,2.4,"🧶 Hoodie or light jacket, jeans ☔ (Don't forget an umbrella!)"
2025-04-15,16:00,London,United Kingdom,16.1,60.9,Patchy rain nearby,17.6,55,1.8,"🧶 Hoodie or light jacket, jeans ☔ (Don't forget an umbrella!)"
2025-04-15,17:00,London,United Kingdom,13.3,55.9,Light rain shower,15.5,79,0.4,"🧶 Hoodie or light jacket, jeans ☔ (Don't forget an umbrella!)"
2025-04-15,18:00,London,United Kingdom,12.1,53.8,Light rain shower,15.5,86,0.1,"🧶 Hoodie or light jacket, jeans ☔ (Don't forget an umbrella!)"
2025-04-15,19:00,London,United Kingdom,10.9,51.7,Patchy rain nearby,16.6,84,0.1,"🧶 Hoodie or light jacket, jeans ☔ (Don't forget an umbrella!)"
2025-04-15,20:00,London,United Kingdom,9.2,48.5,Cloudy ,19.4,80,0.0,"🧥 Jacket, scarf, boots"
2025-04-15,21:00,London,United Kingdom,8.1,46.6,Overcast ,21.2,78,0.0,"🧥 Jacket, scarf, boots"
2025-04-15,22:00,London,United Kingdom,7.9,46.2,Overcast ,22.7,74,0.0,"🧥 Jacket, scarf, boots"
2025-04-15,23:00,London,United Kingdom,8.1,46.5,Overcast ,20.2,72,0.0,"🧥 Jacket, scarf, boots"
2025-04-16,00:00,London,United Kingdom,8.1,46.6,Partly Cloudy ,19.4,70,0.0,"🧥 Jacket, scarf, boots"
2025-04-16,01:00,London,United Kingdom,7.0,44.6,Partly Cloudy ,15.8,78,0.0,"🧥 Jacket, scarf, boots"
2025-04-16,02:00,London,United Kingdom,6.3,43.4,Clear ,13.3,80,0.0,"🧥 Jacket, scarf, boots"
2025-04-16,03:00,London,United Kingdom,6.0,42.7,Clear ,11.5,81,0.0,"🧥 Jacket, scarf, boots"
2025-04-16,04:00,London,United Kingdom,5.7,42.3,Clear ,9.7,81,0.0,"🧥 Jacket, scarf, boots"
2025-04-16,05:00,London,United Kingdom,5.5,41.8,Clear ,9.4,81,0.0,"🧥 Jacket, scarf, boots"
2025-04-16,06:00,London,United Kingdom,5.9,42.6,Clear ,9.7,78,0.0,"🧥 Jacket, scarf, boots"
2025-04-16,07:00,London,United Kingdom,7.5,45.6,Sunny,12.6,70,0.1,"🧥 Jacket, scarf, boots"
2025-04-16,08:00,London,United Kingdom,9.5,49.2,Sunny,17.3,62,0.5,"🧥 Jacket, scarf, boots"
2025-04-16,09:00,London,United Kingdom,10.9,51.7,Sunny,19.4,53,1.1,"🧶 Hoodie or light jacket, jeans"
2025-04-16,10:00,London,United Kingdom,12.1,53.7,Sunny,19.8,46,2.0,"🧶 Hoodie or light jacket, jeans"
2025-04-16,11:00,London,United Kingdom,13.3,55.9,Sunny,19.4,39,3.0,"🧶 Hoodie or light jacket, jeans"
2025-04-16,12:00,London,United Kingdom,14.1,57.4,Sunny,18.4,36,3.7,"🧶 Hoodie or light jacket, jeans"
2025-04-16,13:00,London,United Kingdom,14.7,58.5,Sunny,16.9,33,4.0,"🧶 Hoodie or light jacket, jeans"
2025-04-16,14:00,London,United Kingdom,15.2,59.3,Sunny,16.2,32,3.7,"🧶 Hoodie or light jacket, jeans"
2025-04-16,15:00,London,United Kingdom,15.2,59.3,Sunny,16.9,33,2.9,"🧶 Hoodie or light jacket, jeans"
2025-04-16,16:00,London,United Kingdom,14.5,58.1,Sunny,18.4,36,2.0,"🧶 Hoodie or light jacket, jeans"
2025-04-16,17:00,London,United Kingdom,13.6,56.4,Sunny,15.8,40,1.1,"🧶 Hoodie or light jacket, jeans"
2025-04-16,18:00,London,United Kingdom,12.5,54.5,Sunny,14.4,47,0.5,"🧶 Hoodie or light jacket, jeans"
2025-04-16,19:00,London,United Kingdom,10.5,51.0,Sunny,13.3,57,0.2,"🧶 Hoodie or light jacket, jeans"
2025-04-16,20:00,London,United Kingdom,9.5,49.1,Clear ,10.1,64,0.0,"🧥 Jacket, scarf, boots"
2025-04-16,21:00,London,United Kingdom,8.8,47.9,Clear ,6.8,67,0.0,"🧥 Jacket, scarf, boots"
2025-04-16,22:00,London,United Kingdom,8.3,46.9,Clear ,6.8,69,0.0,"🧥 Jacket, scarf, boots"
2025-04-16,23:00,London,United Kingdom,7.8,46.1,Clear ,5.4,68,0.0,"🧥 Jacket, scarf, boots"
2025-04-14,00:00,New York,United States of America,9.2,48.6,Clear ,16.2,79,0.0,"🧥 Jacket, scarf, boots"
2025-04-14,01:00,New York,United States of America,8.7,47.7,Clear ,15.1,79,0.0,"🧥 Jacket, scarf, boots"
2025-04-14,02:00,New York,United States of America,8.2,46.8,Clear ,15.5,80,0.0,"🧥 Jacket, scarf, boots"
2025-04-14,03:00,New York,United States of America,7.9,46.1,Clear ,14.0,80,0.0,"🧥 Jacket, scarf, boots"
2025-04-14,04:00,New York,United States of America,7.5,45.5,Clear ,11.9,80,0.0,"🧥 Jacket, scarf, boots"
2025-04-14,05:00,New York,United States of America,9.4,48.9,Clear,13.0,50,0.0,"🧥 Jacket, scarf, boots"
2025-04-14,06:00,New York,United States of America,7.1,44.7,Overcast ,11.9,80,0.0,"🧥 Jacket, scarf, boots"
2025-04-14,07:00,New York,United States of America,7.4,45.3,Cloudy ,11.2,77,0.1,"🧥 Jacket, scarf, boots"
2025-04-14,08:00,New York,United States of America,8.5,47.3,Overcast ,11.9,71,0.6,"🧥 Jacket, scarf, boots"
2025-04-14,09:00,New York,United States of America,10.2,50.4,Cloudy ,11.2,62,1.3,"🧶 Hoodie or light jacket, jeans"
2025-04-14,10:00,New York,United States of America,12.3,54.2,Overcast ,10.4,56,1.8,"🧶 Hoodie or light jacket, jeans"
2025-04-14,11:00,New York,United States of America,13.6,56.5,Overcast ,10.4,51,4.2,"🧶 Hoodie or light jacket, jeans"
2025-04-14,12:00,New York,United States of America,14.1,57.4,Overcast ,11.9,49,5.7,"🧶 Hoodie or light jacket, jeans"
2025-04-14,13:00,New York,United States of America,15.0,59.0,Overcast ,15.5,51,6.3,"🧶 Hoodie or light jacket, jeans 🕶️ (Use sunscreen & sunglasses)"
2025-04-14,14:00,New York,United States of America,15.9,60.6,Partly Cloudy ,23.0,48,1.4,"🧶 Hoodie or light jacket, jeans"
2025-04-14,15:00,New York,United States of America,16.2,61.1,Partly Cloudy ,15.8,45,3.8,"🧶 Hoodie or light jacket, jeans"
2025-04-14,16:00,New York,United States of America,16.0,60.8,Partly Cloudy ,13.3,53,1.2,"🧶 Hoodie or light jacket, jeans"
2025-04-14,17:00,New York,United States of America,15.4,59.7,Partly Cloudy ,13.3,60,1.2,"🧶 Hoodie or light jacket, jeans"
2025-04-14,18:00,New York,United States of America,14.4,58.0,Overcast ,13.0,66,0.4,"🧶 Hoodie or light jacket, jeans"
2025-04-14,19:00,New York,United States of America,13.1,55.5,Overcast ,11.9,82,0.0,"🧶 Hoodie or light jacket, jeans"
2025-04-14,20:00,New York,United States of America,11.9,53.5,Partly Cloudy ,10.8,91,0.0,"🧶 Hoodie or light jacket, jeans"
2025-04-14,21:00,New York,United States of America,11.1,52.0,Overcast ,8.6,94,0.0,"🧶 Hoodie or light jacket, jeans"
2025-04-14,22:00,New York,United States of America,10.4,50.6,Overcast ,10.1,89,0.0,"🧶 Hoodie or light jacket, jeans"
2025-04-14,23:00,New York,United States of America,9.5,49.2,Mist,9.7,95,0.0,"🧥 Jacket, scarf, boots"
2025-04-15,00:00,New York,United States of America,9.1,48.4,Fog,9.4,98,0.0,"🧥 Jacket, scarf, boots"
2025-04-15,01:00,New York,United States of America,8.9,48.0,Fog,12.2,98,0.0,"🧥 Jacket, scarf, boots"
2025-04-15,02:00,New York,United States of America,8.8,47.8,Fog,9.4,98,0.0,"🧥 Jacket, scarf, boots"
2025-04-15,03:00,New York,United States of America,8.7,47.7,Fog,10.1,99,0.0,"🧥 Jacket, scarf, boots"
2025-04-15,04:00,New York,United States of America,8.7,47.6,Fog,9.0,99,0.0,"🧥 Jacket, scarf, boots"
2025-04-15,05:00,New York,United States of America,8.8,47.8,Fog,10.4,99,0.0,"🧥 Jacket, scarf, boots"
2025-04-15,06:00,New York,United States of America,8.9,48.0,Fog,7.9,98,0.0,"🧥 Jacket, scarf, boots"
2025-04-15,07:00,New York,United States of America,9.0,48.2,Fog,7.9,97,0.0,"🧥 Jacket, scarf, boots"
2025-04-15,08:00,New York,United States of America,9.6,49.3,Light rain,10.1,96,0.1,"🧥 Jacket, scarf, boots ☔ (Don't forget an umbrella!)"
2025-04-15,09:00,New York,United States of America,10.2,50.3,Light rain,12.6,92,0.3,"🧶 Hoodie or light jacket, jeans ☔ (Don't forget an umbrella!)"
2025-04-15,10:00,New York,United States of America,10.7,51.3,Light rain,11.9,90,1.3,"🧶 Hoodie or light jacket, jeans ☔ (Don't forget an umbrella!)"
2025-04-15,11:00,New York,United States of America,12.6,54.6,Overcast ,22.0,88,4.0,"🧶 Hoodie or light jacket, jeans"
2025-04-15,12:00,New York,United States of America,14.3,57.7,Overcast ,29.5,70,5.6,"🧶 Hoodie or light jacket, jeans"
2025-04-15,13:00,New York,United States of America,15.9,60.6,Overcast ,33.5,61,5.7,"🧶 Hoodie or light jacket, jeans"
2025-04-15,14:00,New York,United States of America,16.7,62.1,Partly Cloudy ,38.9,52,3.4,"🧶 Hoodie or light jacket, jeans"
2025-04-15,15:00,New York,United States of America,17.1,62.9,Partly Cloudy ,38.5,47,4.5,"👕 T-shirt, jeans/skirt, sneakers"
2025-04-15,16:00,New York,United States of America,17.4,63.3,Partly Cloudy ,36.4,45,2.8,"👕 T-shirt, jeans/skirt, sneakers"
2025-04-15,17:00,New York,United States of America,15.6,60.1,Sunny,34.9,43,1.4,"🧶 Hoodie or light jacket, jeans"
2025-04-15,18:00,New York,United States of America,13.8,56.9,Sunny,31.0,51,0.5,"🧶 Hoodie or light jacket, jeans"
2025-04-15,19:00,New York,United States of America,12.0,53.6,Sunny,31.3,56,0.1,"🧥 Jacket, scarf, boots"
2025-04-15,20:00,New York,United States of America,10.2,50.4,Clear ,29.5,60,0.0,"🧥 Jacket, scarf, boots"
2025-04-15,21:00,New York,United States of America,8.9,48.0,Clear ,30.2,65,0.0,"🧥 Jacket, scarf, boots"
2025-04-15,22:00,New York,United States of America,8.9,48.0,Clear ,27.0,68,0.0,"🧥 Jacket, scarf, boots"
2025-04-15,23:00,New York,United States of America,7.4,45.3,Clear ,28.8,55,0.0,"🧥 Jacket, scarf, boots"
2025-04-16,00:00,New York,United States of America,6.5,43.6,Clear ,29.9,70,0.0,"🧥 Heavy coat, thermal wear, gloves, boots"
2025-04-16,01:00,New York,United States of America,5.8,42.4,Clear ,28.1,70,0.0,"🧥 Heavy coat, thermal wear, gloves, boots"
2025-04-16,02:00,New York,United States of America,5.1,41.2,Clear ,27.4,69,0.0,"🧥 Heavy coat, thermal wear, gloves, boots"
2025-04-16,03:00,New York,United States of America,4.6,40.2,Partly Cloudy ,28.1,69,0.0,"🧥 Heavy coat, thermal wear, gloves, boots"
2025-04-16,04:00,New York,United States of America,4.1,39.4,Partly Cloudy ,29.2,69,0.0,"🧥 Heavy coat, thermal wear, gloves, boots"
2025-04-16,05:00,New York,United States of America,4.0,39.1,Partly Cloudy ,29.9,69,0.0,"🧥 Heavy coat, thermal wear, gloves, boots"
2025-04-16,06:00,New York,United States of America,3.9,39.0,Partly Cloudy ,28.8,66,0.0,"🧥 Heavy coat, thermal wear, gloves, boots"
2025-04-16,07:00,New York,United States of America,3.9,39.0,Partly Cloudy ,28.1,65,0.1,"🧥 Heavy coat, thermal wear, gloves, boots"
2025-04-16,08:00,New York,United States of America,4.6,40.3,Sunny,28.1,63,0.5,"🧥 Heavy coat, thermal wear, gloves, boots"
2025-04-16,09:00,New York,United States of America,5.3,41.5,Sunny,30.6,58,1.4,"🧥 Heavy coat, thermal wear, gloves, boots"
2025-04-16,10:00,New York,United States of America,6.0,42.8,Sunny,30.6,55,2.4,"🧥 Heavy coat, thermal wear, gloves, boots"
2025-04-16,11:00,New York,United States of America,7.0,44.5,Sunny,30.6,52,3.4,"🧥 Heavy coat, thermal wear, gloves, boots"
2025-04-16,12:00,New York,United States of America,7.7,45.9,Sunny,31.3,51,4.6,"🧥 Jacket, scarf, boots"
2025-04-16,13:00,New York,United States of America,8.4,47.1,Partly Cloudy ,32.8,50,4.9,"🧥 Jacket, scarf, boots"
2025-04-16,14:00,New York,United States of America,8.6,47.4,Partly Cloudy ,32.4,50,3.8,"🧥 Jacket, scarf, boots"
2025-04-16,15:00,New York,United States of America,8.5,47.4,Partly Cloudy ,32.4,52,2.8,"🧥 Jacket, scarf, boots"
2025-04-16,16:00,New York,United States of America,8.4,47.1,Partly Cloudy ,32.0,53,1.5,"🧥 Jacket, scarf, boots"
2025-04-16,17:00,New York,United States of America,7.7,45.9,Overcast ,31.3,54,0.9,"🧥 Jacket, scarf, boots"
2025-04-16,18:00,New York,United States of America,7.1,44.7,Overcast ,28.8,59,0.4,"🧥 Jacket, scarf, boots"
2025-04-16,19:00,New York,United States of America,6.4,43.6,Overcast ,24.8,61,0.1,"🧥 Heavy coat, thermal wear, gloves, boots"
2025-04-16,20:00,New York,United States of America,5.7,42.3,Partly Cloudy ,24.5,63,0.0,"🧥 Heavy coat, thermal wear, gloves, boots"
2025-04-16,21:00,New York,United States of America,5.2,41.3,Partly Cloudy ,24.1,68,0.0,"🧥 Heavy coat, thermal wear, gloves, boots"
2025-04-16,22:00,New York,United States of America,5.9,42.7,Partly Cloudy ,24.1,70,0.0,"🧥 Heavy coat, thermal wear, gloves, boots"
2025-04-16,23:00,New York,United States of America,4.7,40.4,Clear ,24.1,70,0.0,"🧥 Heavy coat, thermal wear, gloves, boots"
2025-04-14,00:00,Lagos,Nigeria,29.0,84.2,Clear ,19.8,78,0.0,"🩳 Sleeveless, linen, sandals, drink water!"
2025-04-14,01:00,Lagos,Nigeria,28.9,84.1,Clear ,18.7,78,0.0,"🩳 Sleeveless, linen, sandals, drink water!"
2025-04-14,02:00,Lagos,Nigeria,28.8,83.9,Clear ,17.6,79,0.0,"🩳 Sleeveless, linen, sandals, drink water!"
2025-04-14,03:00,Lagos,Nigeria,28.7,83.7,Clear ,16.2,79,0.0,"🩳 Sleeveless, linen, sandals, drink water!"
2025-04-14,04:00,Lagos,Nigeria,28.6,83.5,Partly Cloudy ,16.9,79,0.0,"🩳 Sleeveless, linen, sandals, drink water!"
2025-04-14,05:00,Lagos,Nigeria,28.6,83.4,Partly Cloudy ,16.9,80,0.0,"🩳 Sleeveless, linen, sandals, drink water!"
2025-04-14,06:00,Lagos,Nigeria,28.5,83.4,Cloudy ,16.2,80,0.0,"🩳 Sleeveless, linen, sandals, drink water!"
2025-04-14,07:00,Lagos,Nigeria,28.4,83.1,Patchy rain nearby,15.5,80,0.0,"🩳 Sleeveless, linen, sandals, drink water! ☔ (Don't forget an umbrella!)"
2025-04-14,08:00,Lagos,Nigeria,28.6,83.6,Light rain shower,18.0,79,0.6,"🩳 Sleeveless, linen, sandals, drink water! ☔ (Don't forget an umbrella!)"
2025-04-14,09:00,Lagos,Nigeria,29.2,84.5,Patchy rain nearby,18.4,77,2.2,"🩳 Sleeveless, linen, sandals, drink water! ☔ (Don't forget an umbrella!)"
2025-04-14,10:00,Lagos,Nigeria,30.1,86.2,Partly cloudy,18.7,84,4.7,"🩳 Sleeveless, linen, sandals, drink water!"
2025-04-14,11:00,Lagos,Nigeria,29.9,85.8,Patchy light drizzle,19.1,74,7.0,"🩳 Sleeveless, linen, sandals, drink water! 🕶️ (Use sunscreen & sunglasses)"
2025-04-14,12:00,Lagos,Nigeria,29.6,85.3,Patchy rain nearby,19.8,75,8.3,"🩳 Sleeveless, linen, sandals, drink water! ☔ (Don't forget an umbrella!) 🕶️ (Use sunscreen & sunglasses)"
2025-04-14,13:00,Lagos,Nigeria,30.0,86.0,Patchy rain nearby,20.2,73,9.6,"🩳 Sleeveless, linen, sandals, drink water! ☔ (Don't forget an umbrella!) 🕶️ (Use sunscreen & sunglasses)"
2025-04-14,14:00,Lagos,Nigeria,29.8,85.6,Patchy rain nearby,19.8,73,7.1,"🩳 Sleeveless, linen, sandals, drink water! ☔ (Don't forget an umbrella!) 🕶️ (Use sunscreen & sunglasses)"
2025-04-14,15:00,Lagos,Nigeria,29.9,85.8,Patchy rain nearby,18.7,72,4.9,"🩳 Sleeveless, linen, sandals, drink water! ☔ (Don't forget an umbrella!)"
2025-04-14,16:00,Lagos,Nigeria,30.1,86.2,Patchy rain nearby,18.4,70,3.1,"🩳 Sleeveless, linen, sandals, drink water! ☔ (Don't forget an umbrella!)"
2025-04-14,17:00,Lagos,Nigeria,29.6,85.4,Patchy rain nearby,18.0,72,1.5,"🩳 Sleeveless, linen, sandals, drink water! ☔ (Don't forget an umbrella!)"
2025-04-14,18:00,Lagos,Nigeria,29.4,84.9,Patchy rain nearby,18.4,73,0.3,"🩳 Sleeveless, linen, sandals, drink water! ☔ (Don't forget an umbrella!)"
2025-04-14,19:00,Lagos,Nigeria,29.5,85.1,Clear ,21.6,76,0.0,"🩳 Sleeveless, linen, sandals, drink water!"
2025-04-14,20:00,Lagos,Nigeria,29.3,84.8,Clear ,22.3,78,0.0,"🩳 Sleeveless, linen, sandals, drink water!"
2025-04-14,21:00,Lagos,Nigeria,29.2,84.6,Clear ,22.3,79,0.0,"🩳 Sleeveless, linen, sandals, drink water!"
2025-04-14,22:00,Lagos,Nigeria,29.1,84.4,Clear ,23.0,79,0.0,"🩳 Sleeveless, linen, sandals, drink water!"
2025-04-14,23:00,Lagos,Nigeria,29.0,84.2,Clear ,21.6,79,0.0,"🩳 Sleeveless, linen, sandals, drink water!"
2025-04-15,00:00,Lagos,Nigeria,28.8,83.9,Clear ,20.2,79,0.0,"🩳 Sleeveless, linen, sandals, drink water!"
2025-04-15,01:00,Lagos,Nigeria,28.7,83.7,Thundery outbreaks in nearby,19.8,79,0.0,"🩳 Sleeveless, linen, sandals, drink water!"
2025-04-15,02:00,Lagos,Nigeria,28.5,83.3,Thundery outbreaks in nearby,20.5,80,0.0,"🩳 Sleeveless, linen, sandals, drink water!"
2025-04-15,03:00,Lagos,Nigeria,28.4,83.2,Thundery outbreaks in nearby,19.4,81,0.0,"🩳 Sleeveless, linen, sandals, drink water!"
2025-04-15,04:00,Lagos,Nigeria,28.4,83.2,Cloudy ,20.2,81,0.0,"🩳 Sleeveless, linen, sandals, drink water!"
2025-04-15,05:00,Lagos,Nigeria,28.3,82.9,Cloudy ,20.2,82,0.0,"🩳 Sleeveless, linen, sandals, drink water!"
2025-04-15,06:00,Lagos,Nigeria,28.3,83.0,Patchy rain nearby,18.0,81,0.0,"🩳 Sleeveless, linen, sandals, drink water! ☔ (Don't forget an umbrella!)"
2025-04-15,07:00,Lagos,Nigeria,28.5,83.2,Patchy rain nearby,16.9,81,0.0,"🩳 Sleeveless, linen, sandals, drink water! ☔ (Don't forget an umbrella!)"
2025-04-15,08:00,Lagos,Nigeria,28.8,83.8,Patchy rain nearby,17.3,78,0.7,"🩳 Sleeveless, linen, sandals, drink water! ☔ (Don't forget an umbrella!)"
2025-04-15,09:00,Lagos,Nigeria,28.7,83.6,Patchy rain nearby,15.5,79,2.4,"🩳 Sleeveless, linen, sandals, drink water! ☔ (Don't forget an umbrella!)"
2025-04-15,10:00,Lagos,Nigeria,28.7,83.6,Patchy rain nearby,15.5,79,4.8,"🩳 Sleeveless, linen, sandals, drink water! ☔ (Don't forget an umbrella!)"
2025-04-15,11:00,Lagos,Nigeria,29.0,84.2,Light rain shower,15.1,77,6.7,"🩳 Sleeveless, linen, sandals, drink water! ☔ (Don't forget an umbrella!) 🕶️ (Use sunscreen & sunglasses)"
2025-04-15,12:00,Lagos,Nigeria,29.5,85.2,Patchy rain nearby,16.2,75,8.1,"🩳 Sleeveless, linen, sandals, drink water! ☔ (Don't forget an umbrella!) 🕶️ (Use sunscreen & sunglasses)"
2025-04-15,13:00,Lagos,Nigeria,29.4,85.0,Patchy rain nearby,18.4,75,9.3,"🩳 Sleeveless, linen, sandals, drink water! ☔ (Don't forget an umbrella!) 🕶️ (Use sunscreen & sunglasses)"
2025-04-15,14:00,Lagos,Nigeria,29.5,85.1,Patchy rain nearby,19.8,75,8.7,"🩳 Sleeveless, linen, sandals, drink water! ☔ (Don't forget an umbrella!) 🕶️ (Use sunscreen & sunglasses)"
2025-04-15,15:00,Lagos,Nigeria,29.9,85.8,Patchy rain nearby,20.2,73,5.9,"🩳 Sleeveless, linen, sandals, drink water! ☔ (Don't forget an umbrella!)"
2025-04-15,16:00,Lagos,Nigeria,30.1,86.1,Patchy rain nearby,19.8,72,3.2,"🩳 Sleeveless, linen, sandals, drink water! ☔ (Don't forget an umbrella!)"
2025-04-15,17:00,Lagos,Nigeria,30.0,86.0,Patchy rain nearby,19.1,73,1.4,"🩳 Sleeveless, linen, sandals, drink water! ☔ (Don't forget an umbrella!)"
2025-04-15,18:00,Lagos,Nigeria,29.6,85.3,Patchy rain nearby,17.3,75,0.3,"🩳 Sleeveless, linen, sandals, drink water! ☔ (Don't forget an umbrella!)"
2025-04-15,19:00,Lagos,Nigeria,29.8,85.6,Patchy rain nearby,16.9,76,0.0,"🩳 Sleeveless, linen, sandals, drink water! ☔ (Don't forget an umbrella!)"
2025-04-15,20:00,Lagos,Nigeria,29.7,85.5,Clear ,21.2,77,0.0,"🩳 Sleeveless, linen, sandals, drink water!"
2025-04-15,21:00,Lagos,Nigeria,29.7,85.5,Clear ,18.7,77,0.0,"🩳 Sleeveless, linen, sandals, drink water!"
2025-04-15,22:00,Lagos,Nigeria,29.3,84.7,Clear ,16.9,77,0.0,"🩳 Sleeveless, linen, sandals, drink water!"
2025-04-15,23:00,Lagos,Nigeria,29.1,84.4,Clear ,15.8,79,0.0,"🩳 Sleeveless, linen, sandals, drink water!"
2025-04-16,00:00,Lagos,Nigeria,29.0,84.2,Clear ,18.4,80,0.0,"🩳 Sleeveless, linen, sandals, drink water!"
2025-04-16,01:00,Lagos,Nigeria,28.8,83.8,Clear ,22.3,82,0.0,"🩳 Sleeveless, linen, sandals, drink water!"
2025-04-16,02:00,Lagos,Nigeria,28.5,83.4,Clear ,25.6,83,0.0,"🩳 Sleeveless, linen, sandals, drink water!"
2025-04-16,03:00,Lagos,Nigeria,28.4,83.2,Clear ,23.8,82,0.0,"🩳 Sleeveless, linen, sandals, drink water!"
2025-04-16,04:00,Lagos,Nigeria,28.4,83.2,Patchy rain nearby,22.3,81,0.0,"🩳 Sleeveless, linen, sandals, drink water! ☔ (Don't forget an umbrella!)"
2025-04-16,05:00,Lagos,Nigeria,28.4,83.2,Patchy rain nearby,22.0,81,0.0,"🩳 Sleeveless, linen, sandals, drink water! ☔ (Don't forget an umbrella!)"
2025-04-16,06:00,Lagos,Nigeria,28.4,83.2,Patchy rain nearby,21.2,81,0.0,"🩳 Sleeveless, linen, sandals, drink water! ☔ (Don't forget an umbrella!)"
2025-04-16,07:00,Lagos,Nigeria,28.4,83.1,Patchy rain nearby,18.7,81,0.0,"🩳 Sleeveless, linen, sandals, drink water! ☔ (Don't forget an umbrella!)"
2025-04-16,08:00,Lagos,Nigeria,28.7,83.7,Patchy rain nearby,19.8,78,0.7,"🩳 Sleeveless, linen, sandals, drink water! ☔ (Don't forget an umbrella!)"
2025-04-16,09:00,Lagos,Nigeria,29.3,84.7,Patchy rain nearby,19.4,75,2.5,"🩳 Sleeveless, linen, sandals, drink water! ☔ (Don't forget an umbrella!)"
2025-04-16,10:00,Lagos,Nigeria,29.8,85.6,Patchy rain nearby,19.1,73,4.7,"🩳 Sleeveless, linen, sandals, drink water! ☔ (Don't forget an umbrella!)"
2025-04-16,11:00,Lagos,Nigeria,30.0,85.9,Patchy rain nearby,20.2,72,8.4,"🩳 Sleeveless, linen, sandals, drink water! ☔ (Don't forget an umbrella!) 🕶️ (Use sunscreen & sunglasses)"
2025-04-16,12:00,Lagos,Nigeria,30.2,86.3,Patchy rain nearby,21.6,71,10.3,"🩳 Sleeveless, linen, sandals, drink water! ☔ (Don't forget an umbrella!) 🕶️ (Use sunscreen & sunglasses)"
2025-04-16,13:00,Lagos,Nigeria,30.3,86.6,Patchy rain nearby,21.6,70,9.8,"🩳 Sleeveless, linen, sandals, drink water! ☔ (Don't forget an umbrella!) 🕶️ (Use sunscreen & sunglasses)"
2025-04-16,14:00,Lagos,Nigeria,30.5,86.9,Patchy rain nearby,23.0,69,8.5,"🩳 Sleeveless, linen, sandals, drink water! ☔ (Don't forget an umbrella!) 🕶️ (Use sunscreen & sunglasses)"
2025-04-16,15:00,Lagos,Nigeria,30.5,87.0,Patchy rain nearby,23.0,69,6.3,"🩳 Sleeveless, linen, sandals, drink water! ☔ (Don't forget an umbrella!) 🕶️ (Use sunscreen & sunglasses)"
2025-04-16,16:00,Lagos,Nigeria,30.0,85.9,Patchy rain nearby,24.5,73,3.8,"🩳 Sleeveless, linen, sandals, drink water! ☔ (Don't forget an umbrella!)"
2025-04-16,17:00,Lagos,Nigeria,29.8,85.6,Patchy rain nearby,24.1,73,1.5,"🩳 Sleeveless, linen, sandals, drink water! ☔ (Don't forget an umbrella!)"
2025-04-16,18:00,Lagos,Nigeria,29.7,85.4,Sunny,21.6,74,0.4,"🩳 Sleeveless, linen, sandals, drink water!"
2025-04-16,19:00,Lagos,Nigeria,29.6,85.4,Patchy rain nearby,19.8,76,0.0,"🩳 Sleeveless, linen, sandals, drink water! ☔ (Don't forget an umbrella!)"
2025-04-16,20:00,Lagos,Nigeria,29.5,85.0,Clear ,21.6,78,0.0,"🩳 Sleeveless, linen, sandals, drink water!"
2025-04-16,21:00,Lagos,Nigeria,29.4,84.9,Clear ,23.0,79,0.0,"🩳 Sleeveless, linen, sandals, drink water!"
2025-04-16,22:00,Lagos,Nigeria,29.3,84.7,Clear ,24.1,80,0.0,"🩳 Sleeveless, linen, sandals, drink water!"
2025-04-16,23:00,Lagos,Nigeria,28.8,83.8,Patchy light rain in area with thunder,21.6,80,0.0,"🩳 Sleeveless, linen, sandals, drink water! ☔ (Don't forget an umbrella!)"
2025-04-14,00:00,Tokyo,Japan,13.9,57.0,Light rain,18.4,91,0.0,"🧶 Hoodie or light jacket, jeans ☔ (Don't forget an umbrella!)"
2025-04-14,01:00,Tokyo,Japan,14.1,57.4,Light rain,19.4,91,0.0,"🧶 Hoodie or light jacket, jeans ☔ (Don't forget an umbrella!)"
2025-04-14,02:00,Tokyo,Japan,14.4,58.0,Light rain,24.1,90,0.0,"🧶 Hoodie or light jacket, jeans ☔ (Don't forget an umbrella!)"
2025-04-14,03:00,Tokyo,Japan,14.9,58.8,Light drizzle,29.2,89,0.0,"🧶 Hoodie or light jacket, jeans"
2025-04-14,04:00,Tokyo,Japan,15.3,59.5,Light rain shower,23.4,91,0.0,"🧶 Hoodie or light jacket, jeans ☔ (Don't forget an umbrella!)"
2025-04-14,05:00,Tokyo,Japan,15.5,59.9,Patchy rain nearby,13.0,90,0.0,"🧶 Hoodie or light jacket, jeans ☔ (Don't forget an umbrella!)"
2025-04-14,06:00,Tokyo,Japan,14.9,58.8,Patchy rain nearby,9.0,92,0.2,"🧶 Hoodie or light jacket, jeans ☔ (Don't forget an umbrella!)"
2025-04-14,07:00,Tokyo,Japan,15.3,59.5,Partly Cloudy ,10.1,85,0.8,"🧶 Hoodie or light jacket, jeans"
2025-04-14,08:00,Tokyo,Japan,16.2,61.1,Patchy rain nearby,11.5,77,1.9,"🧶 Hoodie or light jacket, jeans ☔ (Don't forget an umbrella!)"
2025-04-14,09:00,Tokyo,Japan,17.0,62.6,Patchy rain nearby,10.1,70,3.4,"🧶 Hoodie or light jacket, jeans ☔ (Don't forget an umbrella!)"
2025-04-14,10:00,Tokyo,Japan,17.8,64.0,Patchy rain nearby,9.7,64,4.9,"👕 T-shirt, jeans/skirt, sneakers ☔ (Don't forget an umbrella!)"
2025-04-14,11:00,Tokyo,Japan,18.6,65.4,Patchy rain nearby,10.4,59,6.2,"👕 T-shirt, jeans/skirt, sneakers ☔ (Don't forget an umbrella!) 🕶️ (Use sunscreen & sunglasses)"
2025-04-14,12:00,Tokyo,Japan,19.1,66.4,Partly Cloudy ,9.0,55,6.2,"👕 T-shirt, jeans/skirt, sneakers 🕶️ (Use sunscreen & sunglasses)"
2025-04-14,13:00,Tokyo,Japan,19.8,67.7,Sunny,11.9,51,5.3,"👕 T-shirt, jeans/skirt, sneakers"
2025-04-14,14:00,Tokyo,Japan,20.6,69.1,Partly Cloudy ,16.6,45,4.0,"👕 T-shirt, jeans/skirt, sneakers"
2025-04-14,15:00,Tokyo,Japan,21.0,69.8,Sunny,20.9,39,2.4,"👕 T-shirt, jeans/skirt, sneakers"
2025-04-14,16:00,Tokyo,Japan,20.9,69.6,Sunny,23.8,37,1.1,"👕 T-shirt, jeans/skirt, sneakers"
2025-04-14,17:00,Tokyo,Japan,20.0,68.0,Sunny,28.1,37,0.3,"👕 T-shirt, jeans/skirt, sneakers"
2025-04-14,18:00,Tokyo,Japan,20.3,68.5,Partly cloudy,30.6,40,0.0,"👕 T-shirt, jeans/skirt, sneakers"
2025-04-14,19:00,Tokyo,Japan,17.4,63.2,Clear ,35.6,45,0.0,"👕 T-shirt, jeans/skirt, sneakers"
2025-04-14,20:00,Tokyo,Japan,16.5,61.7,Clear ,40.3,48,0.0,"🧶 Hoodie or light jacket, jeans"
2025-04-14,21:00,Tokyo,Japan,16.0,60.9,Clear ,44.3,52,0.0,"🧶 Hoodie or light jacket, jeans"
2025-04-14,22:00,Tokyo,Japan,15.9,60.6,Clear ,44.6,55,0.0,"🧶 Hoodie or light jacket, jeans"
2025-04-14,23:00,Tokyo,Japan,15.8,60.5,Clear ,38.9,58,0.0,"🧶 Hoodie or light jacket, jeans"
2025-04-15,00:00,Tokyo,Japan,15.1,59.1,Cloudy ,35.6,62,0.0,"🧶 Hoodie or light jacket, jeans"
2025-04-15,01:00,Tokyo,Japan,14.8,58.6,Clear ,37.4,70,0.0,"🧶 Hoodie or light jacket, jeans"
2025-04-15,02:00,Tokyo,Japan,14.5,58.2,Patchy light drizzle,33.8,75,0.0,"🧶 Hoodie or light jacket, jeans"
2025-04-15,03:00,Tokyo,Japan,14.3,57.8,Patchy light rain,36.0,81,0.0,"🧶 Hoodie or light jacket, jeans ☔ (Don't forget an umbrella!)"
2025-04-15,04:00,Tokyo,Japan,15.4,59.8,Patchy rain nearby,34.9,71,0.0,"🧶 Hoodie or light jacket, jeans ☔ (Don't forget an umbrella!)"
2025-04-15,05:00,Tokyo,Japan,15.7,60.3,Patchy rain nearby,40.3,67,0.0,"🧶 Hoodie or light jacket, jeans ☔ (Don't forget an umbrella!)"
2025-04-15,06:00,Tokyo,Japan,15.7,60.3,Patchy rain nearby,40.7,64,0.2,"🧶 Hoodie or light jacket, jeans ☔ (Don't forget an umbrella!)"
2025-04-15,07:00,Tokyo,Japan,16.0,60.9,Sunny,37.8,53,0.4,"🧶 Hoodie or light jacket, jeans"
2025-04-15,08:00,Tokyo,Japan,16.5,61.7,Sunny,43.6,55,1.9,"🧶 Hoodie or light jacket, jeans"
2025-04-15,09:00,Tokyo,Japan,17.1,62.8,Sunny,47.9,49,3.4,"👕 T-shirt, jeans/skirt, sneakers"
2025-04-15,10:00,Tokyo,Japan,17.6,63.8,Sunny,49.3,43,5.0,"👕 T-shirt, jeans/skirt, sneakers"
2025-04-15,11:00,Tokyo,Japan,18.5,65.4,Sunny,50.4,35,6.0,"👕 T-shirt, jeans/skirt, sneakers 🕶️ (Use sunscreen & sunglasses)"
2025-04-15,12:00,Tokyo,Japan,19.0,66.1,Sunny,50.4,32,6.2,"👕 T-shirt, jeans/skirt, sneakers 🕶️ (Use sunscreen & sunglasses)"
2025-04-15,13:00,Tokyo,Japan,19.2,66.6,Sunny,51.1,27,5.4,"👕 T-shirt, jeans/skirt, sneakers"
2025-04-15,14:00,Tokyo,Japan,18.7,65.6,Sunny,51.5,28,4.0,"👕 T-shirt, jeans/skirt, sneakers"
2025-04-15,15:00,Tokyo,Japan,18.2,64.7,Sunny,47.2,32,2.4,"👕 T-shirt, jeans/skirt, sneakers"
2025-04-15,16:00,Tokyo,Japan,17.6,63.6,Sunny,47.2,34,1.1,"👕 T-shirt, jeans/skirt, sneakers"
2025-04-15,17:00,Tokyo,Japan,17.1,62.7,Sunny,41.8,35,0.3,"👕 T-shirt, jeans/skirt, sneakers"
2025-04-15,18:00,Tokyo,Japan,16.8,62.2,Sunny,33.1,32,0.0,"🧶 Hoodie or light jacket, jeans"
2025-04-15,19:00,Tokyo,Japan,16.5,61.7,Clear ,28.4,30,0.0,"🧶 Hoodie or light jacket, jeans"
2025-04-15,20:00,Tokyo,Japan,16.1,60.9,Clear ,23.8,24,0.0,"🧶 Hoodie or light jacket, jeans"
2025-04-15,21:00,Tokyo,Japan,15.4,59.7,Clear ,21.2,24,0.0,"🧶 Hoodie or light jacket, jeans"
2025-04-15,22:00,Tokyo,Japan,14.7,58.5,Partly Cloudy ,18.4,25,0.0,"🧶 Hoodie or light jacket, jeans"
2025-04-15,23:00,Tokyo,Japan,14.0,57.3,Cloudy ,14.8,27,0.0,"🧶 Hoodie or light jacket, jeans"
2025-04-16,00:00,Tokyo,Japan,13.8,56.8,Partly Cloudy ,12.6,28,0.0,"🧶 Hoodie or light jacket, jeans"
2025-04-16,01:00,Tokyo,Japan,13.3,56.0,Clear ,11.5,31,0.0,"🧶 Hoodie or light jacket, jeans"
2025-04-16,02:00,Tokyo,Japan,13.0,55.3,Clear ,9.7,32,0.0,"🧶 Hoodie or light jacket, jeans"
2025-04-16,03:00,Tokyo,Japan,12.6,54.7,Clear ,9.4,35,0.0,"🧶 Hoodie or light jacket, jeans"
2025-04-16,04:00,Tokyo,Japan,12.1,53.9,Clear ,6.5,37,0.0,"🧶 Hoodie or light jacket, jeans"
2025-04-16,05:00,Tokyo,Japan,11.7,53.1,Clear ,7.2,39,0.0,"🧶 Hoodie or light jacket, jeans"
2025-04-16,06:00,Tokyo,Japan,11.6,52.9,Sunny,10.1,40,0.2,"🧶 Hoodie or light jacket, jeans"
2025-04-16,07:00,Tokyo,Japan,11.9,53.5,Sunny,15.5,39,0.7,"🧶 Hoodie or light jacket, jeans"
2025-04-16,08:00,Tokyo,Japan,12.7,54.9,Sunny,15.8,36,1.8,"🧶 Hoodie or light jacket, jeans"
2025-04-16,09:00,Tokyo,Japan,13.8,56.8,Sunny,11.2,32,3.4,"🧶 Hoodie or light jacket, jeans"
2025-04-16,10:00,Tokyo,Japan,14.7,58.5,Sunny,6.5,27,4.8,"🧶 Hoodie or light jacket, jeans"
2025-04-16,11:00,Tokyo,Japan,15.6,60.2,Sunny,8.3,25,5.9,"🧶 Hoodie or light jacket, jeans"
2025-04-16,12:00,Tokyo,Japan,16.5,61.8,Sunny,20.9,28,6.2,"🧶 Hoodie or light jacket, jeans 🕶️ (Use sunscreen & sunglasses)"
2025-04-16,13:00,Tokyo,Japan,17.0,62.6,Sunny,24.1,31,5.5,"🧶 Hoodie or light jacket, jeans"
2025-04-16,14:00,Tokyo,Japan,18.0,64.4,Sunny,17.6,29,4.2,"👕 T-shirt, jeans/skirt, sneakers"
2025-04-16,15:00,Tokyo,Japan,19.1,66.3,Sunny,20.5,27,2.5,"👕 T-shirt, jeans/skirt, sneakers"
2025-04-16,16:00,Tokyo,Japan,19.5,67.1,Sunny,18.7,27,1.2,"👕 T-shirt, jeans/skirt, sneakers"
2025-04-16,17:00,Tokyo,Japan,19.8,67.6,Sunny,13.3,26,0.4,"👕 T-shirt, jeans/skirt, sneakers"
2025-04-16,18:00,Tokyo,Japan,19.6,67.4,Sunny,7.9,25,0.0,"👕 T-shirt, jeans/skirt, sneakers"
2025-04-16,19:00,Tokyo,Japan,19.1,66.4,Clear ,5.8,27,0.0,"👕 T-shirt, jeans/skirt, sneakers"
2025-04-16,20:00,Tokyo,Japan,18.6,65.4,Clear ,5.8,30,0.0,"👕 T-shirt, jeans/skirt, sneakers"
2025-04-16,21:00,Tokyo,Japan,18.0,64.3,Clear ,3.6,33,0.0,"👕 T-shirt, jeans/skirt, sneakers"
2025-04-16,22:00,Tokyo,Japan,17.4,63.3,Clear ,3.6,35,0.0,"👕 T-shirt, jeans/skirt, sneakers"
2025-04-16,23:00,Tokyo,Japan,16.9,62.4,Clear ,6.5,37,0.0,"🧶 Hoodie or light jacket, jeans"
