date,currency,open,high,low,close,volume
2025-04-03,BTC,75661.51,76569.68,75371.55,76365.98,22.99365824
2025-04-02,BTC,78900.68,81300.0,75600.0,75617.59,685.40827378
2025-04-01,BTC,76229.03,79232.59,76149.07,78902.29,416.94996883
2025-03-31,BTC,76102.6,77674.07,75042.0,76253.99,386.40667191
2025-03-30,BTC,76346.0,77221.12,75432.48,76135.85,204.16296485
2025-03-29,BTC,77978.31,78160.35,75435.91,76375.24,213.26011686
2025-03-28,BTC,80780.15,81029.4,77212.08,77969.88,466.62989407
2025-03-27,BTC,80969.75,80989.34,80654.59,80751.73,9.35311335
2025-03-26,BTC,81050.89,81878.0,79838.51,80976.04,330.75133179
2025-03-25,BTC,81014.11,82067.9,79916.95,81040.5,339.4555824
2025-03-24,BTC,79441.34,82091.43,79010.55,81016.58,439.44522481
2025-03-23,BTC,77476.79,79500.0,77463.93,79452.9,138.70685808
2025-03-22,BTC,77674.53,78145.93,77340.05,77503.62,69.49553014
2025-03-21,BTC,77546.74,78290.88,76759.16,77682.19,235.6659611
2025-03-20,BTC,79652.37,80150.77,77070.74,77571.21,388.58481526
2025-03-19,BTC,75614.31,79785.51,75474.82,79613.78,407.05635374
2025-03-18,BTC,76927.51,76938.66,74226.31,75598.98,380.42258624
2025-03-17,BTC,75935.1,77618.51,75622.9,76931.2,384.74715202
2025-03-16,BTC,77651.89,78243.7,75363.27,75928.62,252.77992807
2025-03-15,BTC,77285.51,77866.79,76926.51,77618.38,110.87186551
2025-03-14,BTC,74720.21,78476.1,74430.74,77250.67,456.33840009
2025-03-13,BTC,76882.52,77436.99,73589.0,74705.46,405.22752975
2025-03-12,BTC,76023.03,77449.19,73900.21,76888.29,524.63560708
2025-03-11,BTC,72520.77,76537.38,70570.0,76054.25,711.78375671
2025-03-10,BTC,74334.78,77532.58,71385.62,72520.77,856.21350972
2025-03-09,BTC,79614.63,79905.95,73680.0,74310.03,534.87094248
2025-03-08,BTC,80102.84,80217.81,78698.0,79646.91,180.37411851
2025-03-07,BTC,83462.69,84569.77,78484.25,80111.44,910.16019131
2025-03-06,BTC,83996.36,85900.0,81416.9,83390.93,561.13990232
2025-03-05,BTC,82137.63,84998.52,81348.44,83984.46,528.64088239
2025-03-04,BTC,82143.54,83799.0,77577.12,82145.14,920.39687597
2025-03-03,BTC,90634.87,90798.09,81120.0,82187.99,931.57433432
2025-03-02,BTC,83004.64,91879.2,82027.33,90642.23,736.07192336
2025-03-01,BTC,81306.13,83424.43,80771.88,83010.7,343.26803233
2025-02-28,BTC,81388.4,82024.54,75141.16,81308.41,1258.5259667
2025-02-27,BTC,80187.24,83041.39,79403.92,81391.61,612.40995336
2025-02-26,BTC,84262.03,85063.21,78300.01,80179.22,863.98035908
2025-02-25,BTC,87510.53,88368.65,81713.4,84266.53,1446.29908896
2025-02-24,BTC,91900.51,92078.26,87330.29,87541.35,556.8842165
2025-02-23,BTC,92290.9,92418.56,91040.44,91874.6,109.42842185
2025-02-22,BTC,91925.08,92729.45,91585.44,92289.37,80.58887755
2025-02-21,BTC,93710.89,94977.61,90608.53,91938.12,356.43127422
2025-02-20,BTC,92676.24,94049.0,92457.33,93629.1,252.03512531
2025-02-19,BTC,91484.07,92865.27,90891.56,92678.36,173.5162049
2025-02-18,BTC,91422.47,92543.25,89368.01,91500.0,419.91794323
2025-02-17,BTC,91620.25,92660.97,90867.63,91380.86,271.46128901
2025-02-16,BTC,93103.74,93228.79,91624.0,91634.19,119.45701238
2025-02-15,BTC,92980.62,93430.97,92721.4,93084.75,101.48630028
2025-02-14,BTC,92373.25,94131.6,91725.01,92978.87,296.88175564
2025-02-13,BTC,94177.59,94332.76,91327.06,92350.38,329.33446017
2025-02-12,BTC,92414.6,94481.12,91150.0,94176.67,393.58693507
2025-02-11,BTC,94635.97,95586.34,91464.88,92434.48,363.08356633
2025-02-10,BTC,93636.05,95298.25,92513.05,94600.07,293.27829434
2025-02-09,BTC,93569.44,94353.25,92013.8,93607.15,204.05617675
2025-02-08,BTC,93476.58,93912.55,92822.96,93546.88,109.45055064
2025-02-07,BTC,93060.43,96555.0,92648.59,93519.29,463.81173358
2025-02-06,BTC,92825.26,95742.83,92179.79,93050.7,410.73138073
2025-02-05,BTC,94354.79,95370.42,92500.0,92832.17,412.93929358
2025-02-04,BTC,98376.01,98752.51,92717.21,94347.3,520.98220008
2025-02-03,BTC,95431.64,99421.84,89248.9,98421.52,1044.413243
2025-02-02,BTC,97315.45,98204.16,93671.33,95427.29,528.57621392
2025-02-01,BTC,98887.87,99249.0,96977.14,97328.62,128.34057516
2025-01-31,BTC,100742.13,102000.0,97900.0,98885.16,302.19473327
2025-01-30,BTC,99549.57,101998.99,99079.77,100695.33,351.62254346
2025-01-29,BTC,97158.27,100623.0,97136.32,99536.53,383.31746481
2025-01-28,BTC,97788.18,99398.98,96052.79,97180.33,394.32539924
2025-01-27,BTC,98050.0,98700.72,93414.78,97792.05,821.66168465
2025-01-26,BTC,99904.1,100605.14,97960.0,98088.57,219.7402658
2025-01-25,BTC,99933.67,100448.55,99300.0,99888.28,154.48358878
2025-01-24,BTC,99819.26,102055.67,98483.34,99975.31,386.68711651
2025-01-23,BTC,99572.46,102743.64,97188.74,99819.12,815.80327168
2025-01-22,BTC,101996.93,102094.8,99202.85,99585.58,380.07167778
2025-01-21,BTC,98075.39,102900.0,96436.0,102009.11,647.20838617
2025-01-20,BTC,98539.45,105951.19,96754.74,98104.39,1054.56264521
2025-01-19,BTC,101395.36,103599.98,96995.84,98574.14,621.9814717
2025-01-18,BTC,101082.24,101982.0,99124.86,101417.35,515.73037308
2025-01-17,BTC,97006.19,102898.94,96983.34,101082.23,537.04477715
2025-01-16,BTC,97575.99,97902.47,94689.65,97015.92,347.78556432
2025-01-15,BTC,93712.24,97854.99,93595.01,97576.0,407.2273954
2025-01-14,BTC,92149.9,94954.41,92024.63,93699.5,339.24621876
2025-01-13,BTC,92284.22,93666.66,87437.71,92176.44,574.98178617
2025-01-12,BTC,92304.24,93134.16,91500.0,92337.55,85.22342035
2025-01-11,BTC,92545.14,92749.0,91635.04,92294.18,102.73507831
2025-01-10,BTC,89984.26,93564.46,89934.5,92545.14,362.42966572
2025-01-09,BTC,92231.77,92509.3,88606.32,90004.76,430.49773591
2025-01-08,BTC,93776.16,94064.78,89875.07,92245.12,563.72696292
2025-01-07,BTC,98486.66,98960.78,92895.02,93797.12,468.69215923
2025-01-06,BTC,95456.12,98690.06,94893.39,98495.27,432.06143185
2025-01-05,BTC,95306.4,95899.98,94348.19,95451.75,119.89755911
2025-01-04,BTC,95250.0,95847.86,94645.0,95290.25,96.77731908
2025-01-03,BTC,94411.14,96143.44,93405.23,95250.0,310.9640501
2025-01-02,BTC,91173.5,95306.46,91000.0,94383.32,398.80103233
2025-01-01,BTC,90116.04,91749.0,89665.0,91175.14,233.82039366
2024-12-31,BTC,89007.78,92638.09,88252.45,90119.83,397.73855381
2024-12-30,BTC,89692.71,91260.41,87834.22,88994.94,447.55649032
2024-12-29,BTC,91235.75,91271.67,89000.0,89702.09,250.31280693
2024-12-28,BTC,90390.29,91634.81,90225.5,91231.22,132.80990947
2024-12-27,BTC,91774.04,93579.09,89634.61,90412.16,373.71835226
2024-12-26,BTC,95618.45,96129.98,91380.0,91817.68,278.734919
2024-12-25,BTC,94890.99,95737.17,93915.29,95615.6,219.22545179
2024-12-24,BTC,91110.52,95724.27,89796.81,94865.41,435.23712975
2024-12-23,BTC,91182.16,92749.0,88832.59,91113.12,653.97969171
2024-12-22,BTC,93489.38,93633.12,90334.19,91204.69,314.99972965
2024-12-21,BTC,93897.6,95772.36,92562.54,93445.59,247.85777508
2024-12-20,BTC,94013.79,94599.67,88421.18,93898.51,1008.26799935
2024-12-19,BTC,96757.67,98807.32,92150.18,94015.48,702.61431593
2024-12-18,BTC,101163.08,101448.15,96586.7,96807.26,671.03607098
2024-12-17,BTC,100700.6,103000.0,100301.0,101171.9,358.79004596
2024-12-16,BTC,99120.98,102497.39,98348.92,100729.3,769.13883587
2024-12-15,BTC,96527.58,99800.0,96379.24,99111.37,338.64697217
2024-12-14,BTC,96555.98,97675.32,95777.37,96522.66,166.3123318
2024-12-13,BTC,95422.38,97077.55,94708.86,96561.92,270.812943
2024-12-12,BTC,96288.37,97700.0,94665.58,95419.29,332.42362785
2024-12-11,BTC,91836.31,97063.04,90924.87,96272.32,551.87440914
2024-12-10,BTC,92239.33,93449.0,89655.63,91841.31,487.0430267
2024-12-09,BTC,95662.16,95763.04,89217.53,92274.1,552.52661383
2024-12-08,BTC,94428.15,95908.7,93391.07,95685.97,168.88619671
2024-12-07,BTC,94435.53,95080.04,93383.71,94421.99,197.26954813
2024-12-06,BTC,91706.6,96591.42,91127.0,94436.71,542.64571223
2024-12-05,BTC,93775.73,98456.03,86600.0,91712.59,1236.52232064
2024-12-04,BTC,91249.72,94277.2,89907.87,93790.5,498.49733094
2024-12-03,BTC,91279.95,91751.07,88886.03,91229.73,378.30146135
2024-12-02,BTC,92096.25,93098.99,90011.05,91275.31,371.87919391
2024-12-01,BTC,91143.07,92599.99,90470.0,92099.58,195.27489538
2024-11-30,BTC,92150.72,92154.35,90722.66,91143.29,147.38722472
2024-11-29,BTC,90627.58,93535.47,90296.09,92163.53,370.75302119
2024-11-28,BTC,90831.46,91601.62,89731.44,90606.98,340.61478617
2024-11-27,BTC,87609.93,92207.53,87423.34,90854.12,716.51787977
2024-11-26,BTC,88922.48,90777.81,86543.9,87605.57,1087.59277563
2024-11-25,BTC,93388.13,94400.0,88070.46,88950.0,946.06920339
2024-11-24,BTC,93200.09,94118.48,91129.86,93391.61,520.87509879
2024-11-23,BTC,94720.51,94720.51,92680.84,93208.66,363.23362745
2024-11-22,BTC,93564.35,95501.25,93075.21,94717.46,1041.06139351
2024-11-21,BTC,89274.21,94235.0,89140.88,93554.33,1637.55645015
2024-11-20,BTC,87182.4,90088.98,86446.65,89280.02,671.56658014
2024-11-19,BTC,85409.31,88742.51,85337.81,87157.0,693.28942984
2024-11-18,BTC,85046.28,87599.0,84594.12,85423.38,703.242086
2024-11-17,BTC,85667.74,86397.38,83913.99,85016.99,389.00874594
2024-11-16,BTC,86256.73,86900.22,85171.44,85665.95,220.55102249
2024-11-15,BTC,82893.06,87076.83,82621.18,86260.52,532.44187883
2024-11-14,BTC,85286.0,87076.83,82317.57,82917.2,877.49846428
2024-11-13,BTC,82311.26,88000.0,80903.15,85278.66,1364.44961113
2024-11-12,BTC,82273.98,84457.98,75700.0,82334.41,1838.12262283
2024-11-11,BTC,74780.73,82900.0,74639.1,82274.06,1441.28614835
2024-11-10,BTC,71562.42,75699.99,71388.8,74757.19,760.2471797
2024-11-09,BTC,71418.19,71777.77,70664.61,71550.49,166.98838724
2024-11-08,BTC,70324.72,72088.3,70132.73,71421.23,269.30354873
2024-11-07,BTC,70340.0,71193.11,68901.04,70292.42,400.31083733
2024-11-06,BTC,63517.03,71149.78,63423.44,70304.54,1364.77495693
2024-11-05,BTC,62348.64,64637.98,62022.59,63491.53,282.78464079
2024-11-04,BTC,63408.26,63791.42,61410.68,62357.98,301.31622731
2024-11-03,BTC,64132.6,64169.66,62351.09,63426.11,359.1527436
2024-11-02,BTC,64144.26,64537.47,63776.12,64124.73,48.98607369
2024-11-01,BTC,64506.42,65968.48,63230.24,64175.87,258.86695384
2024-10-31,BTC,66595.95,66893.6,63946.3,64506.43,308.79554682
2024-10-30,BTC,67148.64,67174.82,65914.41,66607.4,252.20350371
2024-10-29,BTC,64636.79,68000.0,64422.84,67134.23,707.11838829
2024-10-28,BTC,62928.68,64932.23,62623.13,64634.89,326.05451082
2024-10-27,BTC,62155.83,63198.15,61985.78,62928.34,106.17886596
2024-10-26,BTC,61740.05,62453.74,61565.45,62136.66,65.10975685
2024-10-25,BTC,62979.27,63463.91,60776.28,61744.48,235.57270922
2024-10-24,BTC,61803.03,63574.05,61629.62,62976.58,313.65572182
2024-10-23,BTC,62400.56,62400.56,60465.0,61791.39,165.08982555
2024-10-22,BTC,62160.0,62777.0,61420.41,62408.1,387.06914029
2024-10-21,BTC,63445.78,63900.0,61649.96,62154.91,513.4336423
2024-10-20,BTC,62840.49,63779.18,62597.49,63433.63,126.77171012
2024-10-19,BTC,62966.41,63186.47,62268.1,62835.98,91.10108229
2024-10-18,BTC,62200.36,63499.99,61956.89,62976.42,452.48284802
2024-10-17,BTC,62235.03,62509.07,61444.0,62185.8,204.80844458
2024-10-16,BTC,61574.43,62759.72,61274.78,62222.06,284.82937583
2024-10-15,BTC,60413.47,62200.0,59377.8,61565.84,405.94917438
2024-10-14,BTC,57516.93,60999.0,57148.57,60393.03,497.9769898
2024-10-13,BTC,57721.17,57789.17,56653.98,57519.27,148.87016103
2024-10-12,BTC,57164.9,58003.83,57119.07,57728.29,101.28575501
2024-10-11,BTC,55142.72,57977.43,54950.51,57140.17,224.21897559
2024-10-10,BTC,55370.1,56058.68,53904.09,55146.64,220.05098312
2024-10-09,BTC,56623.09,57004.21,55090.0,55379.26,184.88185859
2024-10-08,BTC,56703.35,57573.3,56373.07,56607.21,159.12921466
2024-10-07,BTC,57256.48,58723.0,56600.0,56722.36,207.05337233
2024-10-06,BTC,56522.61,57354.13,56300.0,57248.79,92.42354624
2024-10-05,BTC,56588.84,56831.74,56187.41,56505.53,58.20658723
2024-10-04,BTC,55047.76,56945.23,54785.63,56572.45,229.25658222
2024-10-03,BTC,54893.39,55719.54,54237.15,55053.6,325.96403893
2024-10-02,BTC,54908.65,56446.85,54301.0,54905.63,314.17660861
2024-10-01,BTC,56850.0,57713.9,54301.02,54900.0,332.62712344
2024-09-30,BTC,58752.02,58757.86,56421.56,56853.11,284.50661756
2024-09-29,BTC,59006.02,59130.89,58620.64,58742.25,99.0719194
2024-09-28,BTC,58959.93,59348.82,58610.19,58982.04,83.3397466
2024-09-27,BTC,58329.32,59528.74,58057.4,58936.22,271.49194403
2024-09-26,BTC,56715.02,58940.47,56281.39,58315.28,324.949294
2024-09-25,BTC,57453.84,57924.98,56526.64,56730.08,169.1979933
2024-09-24,BTC,57003.0,57822.22,56259.42,57426.47,218.53383368
2024-09-23,BTC,56988.75,57970.81,56080.15,56985.67,223.72967754
2024-09-22,BTC,56772.76,57321.6,55883.34,57001.09,146.12246921
2024-09-21,BTC,56605.64,56937.1,56211.31,56753.13,53.43438343
2024-09-20,BTC,56396.66,57414.44,55813.7,56634.75,198.00698897
2024-09-19,BTC,55571.01,57241.75,55438.04,56385.95,329.06309665
2024-09-18,BTC,54261.74,55604.62,53223.45,55562.82,337.00000766
2024-09-17,BTC,52290.93,55193.91,51790.06,54226.05,364.06498608
2024-09-16,BTC,53320.98,53409.25,51650.17,52276.88,227.43877981
2024-09-15,BTC,54168.55,54488.83,52959.7,53343.95,156.99599343
2024-09-14,BTC,54674.74,54756.51,53700.0,54164.78,96.08980267
2024-09-13,BTC,52489.57,54781.85,52007.6,54673.01,250.20037654
2024-09-12,BTC,52130.02,53116.26,51955.86,52494.18,260.61066202
2024-09-11,BTC,52319.39,52657.81,50490.85,52074.02,281.19770213
2024-09-10,BTC,51723.22,52649.0,51105.34,52311.79,212.9454807
2024-09-09,BTC,49526.79,52624.0,49315.32,51718.32,448.96083805
2024-09-08,BTC,48922.03,49905.18,48417.29,49505.02,188.5851483
2024-09-07,BTC,48768.11,49585.8,48548.32,48900.38,218.4835802
2024-09-06,BTC,50560.77,51382.12,47428.66,48768.11,631.99766844
2024-09-05,BTC,52320.31,52652.63,50084.23,50556.8,241.17270351
2024-09-04,BTC,52036.77,52835.55,50354.2,52323.86,397.29997213
2024-09-03,BTC,53444.24,54065.45,51964.87,52033.15,287.13574297
2024-09-02,BTC,51911.95,53700.0,51709.51,53430.92,233.61573622
2024-09-01,BTC,53385.08,53476.9,51802.75,51931.36,203.81632762
2024-08-31,BTC,53553.35,53855.82,53200.0,53405.31,60.22093735
2024-08-30,BTC,53585.98,54096.18,52280.0,53546.16,231.76194306
2024-08-29,BTC,53109.73,55248.92,52921.58,53604.0,286.41399895
2024-08-28,BTC,53225.11,54189.93,52100.0,53088.39,326.99133822
2024-08-27,BTC,56289.73,56613.32,51950.0,53225.98,464.08729339
2024-08-26,BTC,57406.5,57632.29,56256.75,56298.34,303.87103799
2024-08-25,BTC,57272.31,58113.94,56905.96,57402.19,167.58380223
2024-08-24,BTC,57301.11,57632.96,56735.97,57269.55,151.9163793
2024-08-23,BTC,54311.2,58047.53,54311.19,57308.88,447.89770675
2024-08-22,BTC,54830.06,55146.0,53625.0,54327.75,345.61932192
2024-08-21,BTC,53062.12,55458.37,52862.69,54841.8,371.62377308
2024-08-20,BTC,53657.34,55469.03,52747.33,53076.19,301.28743363
2024-08-19,BTC,53049.34,53800.0,52408.27,53652.29,224.94083142
2024-08-18,BTC,54009.94,54688.34,53019.52,53046.89,130.08025933
2024-08-17,BTC,53452.49,54194.89,53380.64,54000.0,74.08506959
2024-08-16,BTC,52501.36,54340.13,52064.92,53464.65,253.81422526
2024-08-15,BTC,53326.55,54508.09,51195.03,52491.11,424.8447646
2024-08-14,BTC,55146.13,56081.19,53100.0,53328.0,308.51748484
2024-08-13,BTC,54312.58,56141.89,53510.41,55129.9,286.5022495
2024-08-12,BTC,53822.14,55555.0,52780.03,54307.22,359.11681215
2024-08-11,BTC,55860.58,56707.04,53436.91,53835.66,239.45474186
2024-08-10,BTC,55800.62,56358.0,55240.07,55859.19,135.27159029
2024-08-09,BTC,56546.67,56593.13,54533.74,55789.08,313.86928219
2024-08-08,BTC,50512.15,57499.0,50129.82,56542.08,460.84007542
2024-08-07,BTC,51369.66,52950.0,50010.13,50495.77,549.41047371
2024-08-06,BTC,49417.12,52299.98,49371.86,51374.96,963.93343161
2024-08-05,BTC,53330.01,53448.81,45021.36,49408.05,3196.63707067
2024-08-04,BTC,55719.17,56131.17,52521.27,53309.69,1023.84859285
2024-08-03,BTC,56352.63,57110.64,55000.0,55717.27,553.06040776
2024-08-02,BTC,60555.08,60794.76,56100.0,56347.78,473.47114375
2024-08-01,BTC,59709.38,60811.58,57709.31,60559.44,417.82100327
2024-07-31,BTC,61184.48,61804.95,59604.99,59715.77,336.73080284
2024-07-30,BTC,61701.63,61910.98,60411.71,61177.08,290.33895527
2024-07-29,BTC,62866.5,64749.0,61368.32,61700.0,427.70514922
2024-07-28,BTC,62490.46,62887.22,61744.87,62854.02,107.12922846
2024-07-27,BTC,62561.24,63876.72,61400.0,62488.02,292.01454843
2024-07-26,BTC,60652.22,62830.25,60571.05,62563.79,323.17954685
2024-07-25,BTC,60318.31,61004.0,58512.0,60650.01,335.29952639
2024-07-24,BTC,60766.59,61800.0,60065.73,60333.99,240.2223024
2024-07-23,BTC,62026.78,62220.35,60224.14,60755.96,292.25848749
2024-07-22,BTC,62526.97,62821.99,61166.88,62030.69,250.65858945
2024-07-21,BTC,61646.16,62721.17,60372.5,62529.01,203.01047905
2024-07-20,BTC,61281.39,62064.88,60871.92,61651.61,145.74291043
2024-07-19,BTC,58709.62,62000.0,58111.7,61283.57,410.28483968
2024-07-18,BTC,58599.56,59624.66,58031.47,58699.58,214.24423714
2024-07-17,BTC,59707.23,60675.0,58347.46,58600.56,346.32186003
2024-07-16,BTC,59421.37,59998.99,57211.79,59699.03,405.94613726
2024-07-15,BTC,55876.94,59585.0,55750.0,59432.32,490.78590908
2024-07-14,BTC,54274.5,56400.63,54257.68,55876.86,424.42726971
2024-07-13,BTC,53103.25,54863.1,52977.57,54274.18,208.66300848
2024-07-12,BTC,52733.04,53662.74,52017.01,53109.92,645.82671205
2024-07-11,BTC,53276.99,54744.4,52591.29,52728.22,1016.80072263
2024-07-10,BTC,53663.86,54950.27,52789.11,53276.98,605.65539207
2024-07-09,BTC,52267.68,53855.82,51865.03,53631.95,1109.47042884
2024-07-08,BTC,51589.15,53655.0,50144.21,52254.91,1457.3406151
2024-07-07,BTC,53664.31,53861.02,51450.59,51589.15,293.21252865
2024-07-06,BTC,52267.47,53892.23,51726.29,53664.51,707.35991637
2024-07-05,BTC,52790.03,53175.96,49437.2,52271.97,1085.18051491
2024-07-04,BTC,55772.09,56001.96,52549.74,52790.43,597.16889862
2024-07-03,BTC,57747.42,57888.74,55048.15,55766.78,383.47526387
2024-07-02,BTC,58523.46,58894.41,57510.25,57733.05,206.03530587
2024-07-01,BTC,58416.69,59467.74,58090.34,58527.56,387.64433677
2024-06-30,BTC,56881.68,58647.31,56625.31,58407.41,155.48993236
2024-06-29,BTC,56345.64,57117.87,56307.44,56888.03,136.28146021
2024-06-28,BTC,57546.99,58162.14,55965.89,56344.17,286.13125887
2024-06-27,BTC,56946.44,58164.61,56622.2,57545.9,263.66774666
2024-06-26,BTC,57713.47,58294.1,56800.2,56935.04,341.91484885
2024-06-25,BTC,56169.13,58215.85,56122.32,57713.87,570.89956745
2024-06-24,BTC,59127.81,59261.3,54419.19,56186.44,697.40788768
2024-06-23,BTC,59996.32,60246.86,59085.16,59107.12,89.24138584
2024-06-22,BTC,59995.39,60336.51,59797.74,59992.1,74.27808157
2024-06-21,BTC,60577.71,60719.65,59287.61,59987.59,270.54473097
2024-06-20,BTC,60466.69,61937.39,60249.86,60550.86,323.10050356
2024-06-19,BTC,60698.63,61218.74,60200.01,60456.22,168.5669769
2024-06-18,BTC,61908.22,61988.95,59654.85,60685.06,363.99799435
2024-06-17,BTC,62279.16,62696.68,60710.72,61904.82,236.82698332
2024-06-16,BTC,61832.47,62539.34,61687.66,62262.17,97.60381266
2024-06-15,BTC,61752.49,62111.0,61494.65,61829.19,90.88944269
2024-06-14,BTC,62189.17,63090.9,60801.06,61747.33,300.22901419
2024-06-13,BTC,63136.04,63396.45,61617.67,62171.28,253.89933232
2024-06-12,BTC,62719.92,64579.89,62243.2,63140.41,352.66408515
2024-06-11,BTC,64528.44,64588.76,61507.14,62726.38,530.41475073
2024-06-10,BTC,64664.14,65298.24,64320.22,64535.72,200.93621452
2024-06-09,BTC,64277.11,64842.0,64066.62,64648.18,159.25443232
2024-06-08,BTC,64257.12,64500.0,64096.56,64278.15,126.90552547
2024-06-07,BTC,64985.78,66132.47,63309.84,64258.71,352.28449963
2024-06-06,BTC,65358.06,65766.87,64380.61,64984.68,283.87105652
2024-06-05,BTC,64789.75,66063.64,64688.44,65357.71,335.41897846
2024-06-04,BTC,63089.34,65294.96,62931.48,64777.18,328.1065465
2024-06-03,BTC,62428.48,64762.1,62283.9,63080.7,304.92947467
2024-06-02,BTC,62445.22,63050.23,62026.91,62452.47,118.29560654
2024-06-01,BTC,62234.29,62561.82,62130.99,62441.25,87.06024806
2024-05-31,BTC,63105.19,63537.51,61440.0,62230.86,277.52115562
2024-05-30,BTC,62551.71,64124.08,62068.52,63095.75,268.4432245
2024-05-29,BTC,62968.22,63480.38,62062.99,62548.69,230.22853881
2024-05-28,BTC,63874.98,63968.61,61900.0,62969.8,340.08480991
2024-05-27,BTC,63145.8,64989.91,62808.92,63872.07,236.89637878
2024-05-26,BTC,63921.45,64114.63,62843.54,63138.93,102.45131389
2024-05-25,BTC,63249.14,64198.39,63196.06,63939.25,103.66428959
2024-05-24,BTC,62839.02,63878.65,61540.66,63232.74,245.38978772
2024-05-23,BTC,63816.0,64541.13,61333.0,62836.76,470.83392201
2024-05-22,BTC,64375.99,65138.74,63653.03,63816.0,376.19678098
2024-05-21,BTC,65521.16,65933.02,63494.57,64375.99,628.58154046
2024-05-20,BTC,60930.51,65700.0,60750.0,65521.16,542.13763679
2024-05-19,BTC,61588.52,62261.43,60587.46,60927.75,202.69537382
2024-05-18,BTC,61685.45,62012.19,61300.0,61579.64,194.99132039
2024-05-17,BTC,60030.5,62081.49,59963.62,61687.99,323.11749946
2024-05-16,BTC,60779.28,61400.0,59000.0,60018.57,394.26686267
2024-05-15,BTC,56924.68,61022.0,56680.09,60777.05,383.64791289
2024-05-14,BTC,58298.94,58478.73,56500.0,56924.05,320.35856449
2024-05-13,BTC,57085.97,58770.58,56418.03,58293.8,325.85438232
2024-05-12,BTC,56516.31,57435.99,56299.0,57075.98,123.98655238
2024-05-11,BTC,56524.04,57167.19,56208.31,56496.94,198.07642651
2024-05-10,BTC,58522.09,58882.51,55876.05,56514.18,447.06249428
2024-05-09,BTC,56941.52,58835.13,56459.29,58521.43,279.82735664
2024-05-08,BTC,57978.2,58657.29,56638.9,56949.08,357.82329052
2024-05-07,BTC,58671.32,59857.37,57920.0,57961.38,305.09384379
2024-05-06,BTC,59515.05,60834.0,58239.85,58681.47,415.09319745
2024-05-05,BTC,59398.45,60038.98,58461.27,59506.98,231.06694571
2024-05-04,BTC,58509.32,59999.0,58165.6,59392.98,274.70356453
2024-05-03,BTC,55076.36,58931.62,54811.98,58507.14,502.09441795
2024-05-02,BTC,54378.17,55643.98,53121.21,55082.13,635.0536831
2024-05-01,BTC,56844.5,56991.58,52943.49,54372.6,1258.7909613
2024-04-30,BTC,59581.09,60365.57,55311.31,56852.18,772.86685399
2024-04-29,BTC,58965.5,59875.0,57745.77,59549.34,503.4624148
2024-04-28,BTC,59364.36,60136.13,58647.82,58947.56,181.01826606
2024-04-27,BTC,59639.85,59793.4,58411.49,59364.4,226.12657975
2024-04-26,BTC,60143.74,60545.76,59242.36,59635.8,354.6118719
2024-04-25,BTC,60074.92,60867.16,58755.0,60126.24,389.91996958
2024-04-24,BTC,62060.81,62678.55,59418.0,60083.17,431.91218967
2024-04-23,BTC,62755.47,63046.18,61693.41,62068.17,386.3305916
2024-04-22,BTC,60985.08,63134.63,60520.08,62755.47,428.47715681
2024-04-21,BTC,61073.94,61721.09,60349.25,60953.54,274.07021648
2024-04-20,BTC,59992.83,61521.37,59310.61,61075.19,334.26412593
2024-04-19,BTC,59713.79,61521.37,56170.0,59991.74,918.2102926
2025-04-03,ETH,1646.08,1677.05,1641.16,1671.29,1302.10693713
2025-04-02,ETH,1764.56,1795.0,1640.81,1645.43,18882.12235649
2025-04-01,ETH,1684.07,1785.09,1680.2,1764.81,12777.12761936
2025-03-31,ETH,1670.57,1717.38,1641.05,1683.69,14663.61745721
2025-03-30,ETH,1689.37,1709.07,1635.0,1669.86,9475.31278415
2025-03-29,ETH,1751.31,1766.89,1661.0,1689.22,10079.70748872
2025-03-28,ETH,1855.16,1867.61,1719.6,1752.28,17731.61779302
2025-03-27,ETH,1864.84,1865.62,1851.41,1854.9,347.24912753
2025-03-26,ETH,1915.72,1926.9,1842.91,1871.32,7284.30341752
2025-03-25,ETH,1927.24,1942.55,1886.5,1915.72,7660.12676065
2025-03-24,ETH,1849.23,1945.2,1827.37,1926.99,11853.81606756
2025-03-23,ETH,1830.2,1867.85,1826.9,1849.98,4736.95712887
2025-03-22,ETH,1815.41,1854.59,1815.36,1830.68,2878.57804012
2025-03-21,ETH,1826.42,1839.38,1786.75,1816.02,7060.4660573
2025-03-20,ETH,1886.39,1895.04,1798.48,1826.62,7909.07015883
2025-03-19,ETH,1766.61,1898.07,1761.51,1885.55,11565.38726654
2025-03-18,ETH,1765.08,1768.72,1710.92,1765.74,7739.14560915
2025-03-17,ETH,1735.03,1787.43,1727.98,1765.02,7519.52137711
2025-03-16,ETH,1782.24,1785.84,1711.91,1735.26,6885.38102504
2025-03-15,ETH,1757.88,1800.9,1750.89,1782.73,3787.27307004
2025-03-14,ETH,1717.33,1789.4,1714.56,1757.99,9160.10939455
2025-03-13,ETH,1754.85,1770.5,1677.33,1717.47,14687.23823
2025-03-12,ETH,1762.97,1792.23,1678.0,1755.02,16575.11703026
2025-03-11,ETH,1720.52,1796.91,1616.86,1762.47,21389.6810803
2025-03-10,ETH,1860.63,1985.93,1671.38,1720.15,23169.02814694
2025-03-09,ETH,2034.47,2042.39,1832.78,1859.68,9819.03651008
2025-03-08,ETH,1975.73,2063.39,1943.97,2035.74,4755.39189711
2025-03-07,ETH,2043.23,2081.26,1949.88,1974.3,17472.1584595
2025-03-06,ETH,2076.37,2147.0,2017.76,2041.83,12529.26394326
2025-03-05,ETH,2044.39,2126.68,2009.27,2077.89,10999.16125025
2025-03-04,ETH,2048.71,2092.1,1893.88,2044.5,19032.04124616
2025-03-03,ETH,2421.48,2426.4,2001.74,2048.5,18033.14714395
2025-03-02,ETH,2138.18,2455.75,2096.26,2421.03,17694.65615259
2025-03-01,ETH,2155.6,2198.68,2067.33,2138.57,6929.88268431
2025-02-28,ETH,2218.14,2223.39,1994.22,2156.5,23006.76977101
2025-02-27,ETH,2224.89,2270.47,2141.5,2218.15,10548.69381221
2025-02-26,ETH,2370.63,2385.64,2147.05,2223.55,13956.90883483
2025-02-25,ETH,2403.01,2419.29,2215.0,2370.59,21249.22707868
2025-02-24,ETH,2691.28,2708.39,2361.1,2402.85,15891.64062641
2025-02-23,ETH,2641.78,2724.62,2624.67,2691.55,5033.03195774
2025-02-22,ETH,2544.05,2674.21,2536.89,2641.89,4601.36404021
2025-02-21,ETH,2609.31,2716.41,2500.0,2545.28,13744.45099807
2025-02-20,ETH,2604.49,2653.13,2585.03,2607.6,6495.13493218
2025-02-19,ETH,2554.52,2623.0,2541.31,2604.06,4491.33315532
2025-02-18,ETH,2617.37,2629.74,2494.06,2555.43,9052.07739163
2025-02-17,ETH,2538.61,2719.38,2515.0,2617.69,9023.26761906
2025-02-16,ETH,2569.54,2600.44,2530.14,2536.25,3320.67410951
2025-02-15,ETH,2598.41,2611.56,2542.03,2569.61,2557.84712598
2025-02-14,ETH,2558.8,2658.13,2548.06,2599.07,6877.16429432
2025-02-13,ETH,2636.74,2652.62,2508.26,2558.18,8217.76542758
2025-02-12,ETH,2510.48,2692.0,2464.06,2634.79,10165.79035466
2025-02-11,ETH,2583.93,2644.48,2470.99,2510.81,8721.58904565
2025-02-10,ETH,2551.22,2613.58,2486.24,2584.14,5931.15394843
2025-02-09,ETH,2555.47,2616.12,2450.0,2550.14,6244.08169725
2025-02-08,ETH,2541.76,2585.73,2510.92,2555.22,5634.83661672
2025-02-07,ETH,2588.27,2701.0,2483.42,2542.06,11757.44744765
2025-02-06,ETH,2681.99,2760.29,2559.8,2590.02,9591.17636113
2025-02-05,ETH,2636.82,2716.25,2601.55,2682.93,12890.7692643
2025-02-04,ETH,2793.67,2804.02,2538.93,2635.7,11761.71001142
2025-02-03,ETH,2802.52,2829.5,2096.82,2794.0,36517.75732215
2025-02-02,ETH,3013.24,3061.07,2685.0,2803.51,11745.09599536
2025-02-01,ETH,3186.3,3216.37,2999.95,3015.39,3268.46712998
2025-01-31,ETH,3123.41,3306.02,3094.9,3186.38,6930.54637907
2025-01-30,ETH,2987.99,3150.0,2966.19,3123.58,6088.71905072
2025-01-29,ETH,2951.72,3052.33,2937.22,2987.41,7532.39343895
2025-01-28,ETH,3049.21,3091.71,2913.93,2951.16,6434.31012981
2025-01-27,ETH,3084.11,3109.35,2886.99,3048.83,9951.46461728
2025-01-26,ETH,3165.44,3206.58,3085.0,3085.0,3911.58091256
2025-01-25,ETH,3152.86,3195.84,3118.0,3165.36,3152.43422491
2025-01-24,ETH,3211.14,3273.6,3139.0,3155.38,8786.07684779
2025-01-23,ETH,3113.77,3215.89,3057.14,3211.5,8195.38169405
2025-01-22,ETH,3197.51,3228.56,3096.12,3114.49,6467.4588264
2025-01-21,ETH,3150.14,3230.4,3085.92,3197.84,9272.5902541
2025-01-20,ETH,3126.82,3341.26,3055.19,3149.74,15514.63910665
2025-01-19,ETH,3208.43,3355.73,3045.53,3126.43,18770.43829276
2025-01-18,ETH,3373.61,3392.69,3131.51,3208.51,8529.41702413
2025-01-17,ETH,3209.77,3425.13,3208.45,3373.44,5301.58125905
2025-01-16,ETH,3351.28,3358.96,3171.11,3209.76,4684.23989453
2025-01-15,ETH,3131.02,3374.22,3090.76,3350.17,7008.59673449
2025-01-14,ETH,3057.91,3175.6,3051.66,3130.1,4121.41871967
2025-01-13,ETH,3190.49,3258.7,2859.75,3058.97,9981.66974153
2025-01-12,ETH,3203.39,3218.97,3148.05,3189.87,2016.13090053
2025-01-11,ETH,3192.02,3241.31,3143.77,3203.36,2463.67391512
2025-01-10,ETH,3131.49,3242.97,3118.0,3191.71,5044.04598673
2025-01-09,ETH,3227.71,3256.42,3068.7,3130.21,6197.04678556
2025-01-08,ETH,3270.74,3301.89,3117.36,3228.31,7175.50917334
2025-01-07,ETH,3552.26,3564.6,3247.73,3270.78,7678.33913933
2025-01-06,ETH,3531.09,3602.23,3479.0,3552.3,4862.70722937
2025-01-05,ETH,3548.1,3565.97,3487.51,3531.94,1783.95181733
2025-01-04,ETH,3501.36,3562.08,3467.83,3547.75,2799.40833325
2025-01-03,ETH,3363.31,3524.61,3329.25,3501.29,6432.01792989
2025-01-02,ETH,3239.97,3401.56,3234.69,3363.21,4045.05314086
2025-01-01,ETH,3215.78,3251.83,3197.75,3240.36,3327.76199104
2024-12-31,ETH,3224.85,3321.05,3181.71,3215.53,5807.65981541
2024-12-30,ETH,3210.28,3288.0,3169.38,3224.52,4877.01602342
2024-12-29,ETH,3261.31,3267.0,3182.91,3210.89,2934.46763402
2024-12-28,ETH,3197.16,3281.33,3184.21,3258.77,2488.52692839
2024-12-27,ETH,3196.06,3303.99,3172.0,3197.22,5956.61344593
2024-12-26,ETH,3362.94,3379.23,3171.22,3197.05,4088.01044971
2024-12-25,ETH,3358.88,3410.44,3311.2,3362.07,3033.78767814
2024-12-24,ETH,3284.65,3404.04,3222.45,3359.25,4205.41619265
2024-12-23,ETH,3144.69,3328.74,3083.63,3286.32,9009.39772257
2024-12-22,ETH,3206.09,3268.0,3089.14,3144.04,5101.16239813
2024-12-21,ETH,3333.82,3419.15,3166.9,3207.41,6143.45638159
2024-12-20,ETH,3298.58,3354.43,2976.34,3333.65,14773.65093917
2024-12-19,ETH,3503.99,3573.16,3202.0,3296.06,11043.30797569
2024-12-18,ETH,3709.83,3734.45,3495.65,3504.0,9189.11975408
2024-12-17,ETH,3786.38,3841.51,3667.4,3710.49,5648.58140491
2024-12-16,ETH,3758.94,3900.51,3697.14,3785.32,8284.20215628
2024-12-15,ETH,3682.73,3770.0,3646.06,3758.32,3163.43654695
2024-12-14,ETH,3720.35,3754.34,3641.84,3683.61,3246.92514843
2024-12-13,ETH,3703.52,3783.03,3677.4,3718.81,5176.7691413
2024-12-12,ETH,3649.0,3801.0,3615.59,3704.62,6859.60645045
2024-12-11,ETH,3449.32,3665.02,3385.85,3647.94,4544.46898271
2024-12-10,ETH,3517.68,3585.34,3343.09,3448.76,9589.82742126
2024-12-09,ETH,3788.62,3788.73,3305.4,3521.06,8870.02511233
2024-12-08,ETH,3778.99,3799.9,3713.81,3790.89,2835.15750495
2024-12-07,ETH,3786.37,3810.78,3757.14,3779.42,2699.76084453
2024-12-06,ETH,3580.35,3875.63,3574.78,3786.64,8941.29681624
2024-12-05,ETH,3650.8,3742.16,3474.0,3581.26,8630.8012645
2024-12-04,ETH,3441.18,3703.0,3441.18,3650.35,9901.90025494
2024-12-03,ETH,3470.08,3498.0,3327.15,3440.76,6152.71113261
2024-12-02,ETH,3512.76,3570.74,3386.9,3469.91,7444.42049581
2024-12-01,ETH,3501.75,3542.34,3459.92,3512.9,4165.35144997
2024-11-30,ETH,3396.29,3534.22,3373.54,3502.0,6009.54882302
2024-11-29,ETH,3390.63,3456.71,3341.55,3396.86,6556.0113667
2024-11-28,ETH,3462.85,3471.98,3345.82,3390.0,9302.45623506
2024-11-27,ETH,3167.57,3489.78,3147.39,3462.71,11996.34693264
2024-11-26,ETH,3264.86,3308.88,3110.07,3167.51,10533.96760303
2024-11-25,ETH,3204.58,3375.51,3147.65,3265.81,10333.43667842
2024-11-24,ETH,3238.98,3293.96,3130.0,3204.29,7262.27233238
2024-11-23,ETH,3187.52,3343.33,3167.75,3238.87,7924.19551864
2024-11-22,ETH,3193.42,3259.14,3122.09,3186.82,12990.41502405
2024-11-21,ETH,2906.83,3226.28,2872.97,3195.23,16134.43181576
2024-11-20,ETH,2934.58,2994.99,2873.33,2906.32,5915.65626785
2024-11-19,ETH,3029.76,3042.62,2898.02,2934.21,7264.44986861
2024-11-18,ETH,2911.05,3043.75,2892.1,3029.49,8599.61413146
2024-11-17,ETH,2962.97,2986.94,2872.0,2910.82,4899.59409088
2024-11-16,ETH,2927.21,3046.92,2910.32,2962.65,3990.43707749
2024-11-15,ETH,2904.66,2961.85,2857.5,2928.03,6090.88117155
2024-11-14,ETH,3007.72,3064.1,2877.38,2905.01,6928.09784515
2024-11-13,ETH,3034.56,3144.73,2927.94,3008.06,10151.50156592
2024-11-12,ETH,3130.99,3217.93,2850.0,3037.07,13090.69067049
2024-11-11,ETH,2962.19,3148.52,2888.26,3131.13,11426.33806472
2024-11-10,ETH,2917.3,3023.85,2740.0,2961.41,8554.02558557
2024-11-09,ETH,2764.75,2947.16,2758.26,2918.23,4717.86827111
2024-11-08,ETH,2683.18,2784.91,2678.41,2765.52,4633.22599229
2024-11-07,ETH,2532.51,2701.88,2512.05,2682.17,5916.98582193
2024-11-06,ETH,2216.83,2555.35,2215.67,2533.39,9082.81104747
2024-11-05,ETH,2203.79,2274.82,2188.67,2216.73,3463.1675789
2024-11-04,ETH,2265.08,2286.07,2168.0,2205.19,2895.62720663
2024-11-03,ETH,2305.59,2308.13,2228.48,2265.63,2776.40020313
2024-11-02,ETH,2318.28,2329.91,2283.0,2305.46,991.7962116
2024-11-01,ETH,2310.97,2380.85,2266.71,2318.88,2924.58685236
2024-10-31,ETH,2447.4,2459.99,2297.51,2311.38,3627.8103793
2024-10-30,ETH,2436.09,2509.39,2399.96,2448.08,3865.8653665
2024-10-29,ETH,2371.98,2479.97,2365.13,2436.0,3397.22621918
2024-10-28,ETH,2319.86,2392.52,2289.25,2371.96,3134.7973387
2024-10-27,ETH,2299.7,2339.04,2280.8,2319.2,1101.17529212
2024-10-26,ETH,2258.64,2321.25,2251.08,2299.48,1342.381992
2024-10-25,ETH,2341.65,2367.59,2205.79,2259.59,2985.29356632
2024-10-24,ETH,2339.77,2372.0,2319.26,2341.8,2783.7076377
2024-10-23,ETH,2429.62,2432.29,2271.03,2340.01,2878.68067928
2024-10-22,ETH,2461.0,2465.12,2409.4,2427.6,2972.14707383
2024-10-21,ETH,2525.24,2544.33,2450.8,2460.93,2793.24107465
2024-10-20,ETH,2433.73,2535.0,2423.29,2524.32,2290.7202617
2024-10-19,ETH,2431.22,2449.69,2420.23,2433.13,779.07617463
2024-10-18,ETH,2403.45,2461.97,2394.6,2431.64,2089.30825558
2024-10-17,ETH,2403.88,2438.0,2377.16,2404.07,1630.40534518
2024-10-16,ETH,2393.0,2429.05,2377.51,2403.36,2466.02109573
2024-10-15,ETH,2403.6,2461.46,2326.17,2393.71,3429.70405881
2024-10-14,ETH,2258.88,2425.0,2236.62,2403.99,5191.37081624
2024-10-13,ETH,2261.83,2270.24,2225.53,2258.81,1422.49720957
2024-10-12,ETH,2229.98,2274.04,2226.12,2261.94,1416.06618681
2024-10-11,ETH,2181.41,2259.03,2177.98,2229.1,2769.89869558
2024-10-10,ETH,2165.57,2212.67,2133.0,2182.05,4043.48677493
2024-10-09,ETH,2224.01,2255.17,2148.46,2165.08,3274.13065428
2024-10-08,ETH,2208.49,2243.98,2190.0,2222.38,2421.23950596
2024-10-07,ETH,2223.27,2296.64,2189.58,2207.77,3710.98005518
2024-10-06,ETH,2199.73,2237.66,2191.47,2223.88,1100.4426924
2024-10-05,ETH,2200.13,2212.87,2176.31,2199.21,1313.2076272
2024-10-04,ETH,2129.35,2228.22,2120.0,2200.25,3697.64444146
2024-10-03,ETH,2140.13,2178.45,2096.92,2129.0,4241.97281389
2024-10-02,ETH,2210.21,2255.83,2128.8,2140.74,6731.21004936
2024-10-01,ETH,2336.43,2387.75,2178.78,2210.45,4692.1547923
2024-09-30,ETH,2379.75,2382.69,2313.0,2336.12,3973.82763682
2024-09-29,ETH,2396.32,2403.9,2360.16,2380.45,1707.39621847
2024-09-28,ETH,2415.77,2423.29,2375.17,2396.32,1614.92267505
2024-09-27,ETH,2356.07,2447.11,2342.67,2414.54,4175.15828425
2024-09-26,ETH,2318.0,2387.51,2298.17,2355.39,3036.14411676
2024-09-25,ETH,2370.7,2389.01,2294.82,2317.69,3010.89463823
2024-09-24,ETH,2383.03,2393.79,2321.71,2370.4,4241.87809155
2024-09-23,ETH,2313.12,2428.74,2277.5,2382.67,3862.57632799
2024-09-22,ETH,2340.93,2358.37,2263.0,2312.71,1668.70709224
2024-09-21,ETH,2294.87,2350.43,2265.57,2341.42,1177.27142662
2024-09-20,ETH,2209.39,2304.57,2184.46,2296.03,2551.74051062
2024-09-19,ETH,2137.46,2236.0,2136.1,2208.17,3661.51448547
2024-09-18,ETH,2104.14,2138.82,2045.62,2136.34,3604.00516213
2024-09-17,ETH,2061.75,2153.0,2034.63,2106.05,3032.39996452
2024-09-16,ETH,2089.07,2099.25,2032.31,2062.82,4213.74453563
2024-09-15,ETH,2182.82,2193.64,2061.88,2089.48,1668.70147585
2024-09-14,ETH,2204.87,2204.87,2148.0,2182.46,1414.46805162
2024-09-13,ETH,2133.07,2226.0,2110.46,2203.8,2684.27310711
2024-09-12,ETH,2127.48,2173.0,2097.33,2133.04,2598.15932761
2024-09-11,ETH,2168.02,2168.58,2068.27,2126.18,3478.40965589
2024-09-10,ETH,2139.09,2177.72,2106.25,2167.45,2100.39473935
2024-09-09,ETH,2073.84,2158.6,2059.25,2139.09,3791.65910319
2024-09-08,ETH,2053.33,2105.13,2023.0,2073.56,1673.4222895
2024-09-07,ETH,2010.25,2089.15,2006.9,2053.78,2329.39601649
2024-09-06,ETH,2131.82,2167.17,1941.7,2011.44,8077.81774126
2024-09-05,ETH,2211.77,2226.09,2114.95,2131.95,4906.02439351
2024-09-04,ETH,2195.37,2247.07,2089.01,2212.38,3411.88404814
2024-09-03,ETH,2293.94,2306.52,2184.4,2195.36,2392.62959063
2024-09-02,ETH,2196.38,2317.16,2196.31,2293.84,2828.75360866
2024-09-01,ETH,2274.79,2279.75,2173.94,2198.68,1802.33105247
2024-08-31,ETH,2288.46,2294.99,2256.62,2275.55,864.36915371
2024-08-30,ETH,2281.88,2302.5,2203.0,2288.15,3200.48414723
2024-08-29,ETH,2273.16,2344.98,2258.16,2282.79,2295.45256167
2024-08-28,ETH,2200.1,2299.88,2165.98,2273.04,4130.80360253
2024-08-27,ETH,2401.09,2418.11,2143.88,2200.5,3543.86818883
2024-08-26,ETH,2454.13,2466.15,2390.52,2401.77,2092.23619856
2024-08-25,ETH,2471.96,2495.14,2439.34,2454.54,1207.5287508
2024-08-24,ETH,2472.68,2519.53,2440.0,2471.05,2349.78667409
2024-08-23,ETH,2361.63,2501.29,2357.8,2472.51,3419.79384298
2024-08-22,ETH,2358.9,2375.59,2320.14,2360.83,2114.06523602
2024-08-21,ETH,2312.93,2389.94,2282.5,2358.77,2529.0420743
2024-08-20,ETH,2379.39,2435.12,2300.87,2313.84,3439.39385424
2024-08-19,ETH,2370.7,2401.22,2322.91,2379.57,2801.09330755
2024-08-18,ETH,2373.45,2435.77,2355.89,2370.29,1414.66353592
2024-08-17,ETH,2354.03,2386.08,2349.28,2373.27,1114.57921726
2024-08-16,ETH,2343.19,2395.32,2322.11,2354.24,3548.62857501
2024-08-15,ETH,2418.29,2436.91,2296.05,2343.93,4146.29433231
2024-08-14,ETH,2459.2,2524.0,2389.43,2418.97,3309.57012937
2024-08-13,ETH,2490.84,2505.18,2392.97,2459.81,3738.85392961
2024-08-12,ETH,2342.05,2516.96,2300.0,2490.78,4731.84469755
2024-08-11,ETH,2393.95,2494.64,2328.81,2341.79,3453.93849873
2024-08-10,ETH,2384.38,2425.55,2363.49,2393.23,2163.13618273
2024-08-09,ETH,2461.15,2479.46,2339.34,2384.07,4120.59404176
2024-08-08,ETH,2146.4,2496.51,2125.94,2460.39,5851.50147438
2024-08-07,ETH,2256.83,2340.0,2116.79,2145.79,6087.67875228
2024-08-06,ETH,2213.55,2342.67,2210.99,2257.52,7984.13180134
2024-08-05,ETH,2464.78,2472.38,1941.08,2212.78,28630.05348635
2024-08-04,ETH,2663.97,2692.81,2416.0,2464.46,6194.82187896
2024-08-03,ETH,2737.72,2771.17,2626.0,2665.13,4777.86086403
2024-08-02,ETH,2967.32,2980.89,2720.0,2739.54,4424.51826948
2024-08-01,ETH,2986.84,2995.88,2854.99,2967.97,3282.16848679
2024-07-31,ETH,3030.95,3088.57,2970.52,2987.01,3240.13152399
2024-07-30,ETH,3066.95,3113.0,2990.6,3031.23,2383.83834049
2024-07-29,ETH,3012.93,3133.16,3009.02,3067.4,3306.95448915
2024-07-28,ETH,2986.26,3024.02,2944.55,3012.12,1267.13478808
2024-07-27,ETH,3015.99,3062.14,2940.0,2990.27,2062.88831529
2024-07-26,ETH,2925.86,3026.83,2921.78,3017.08,4479.09106523
2024-07-25,ETH,3077.14,3084.24,2847.47,2926.5,5908.55686157
2024-07-24,ETH,3208.82,3214.28,3042.23,3078.73,2748.30977659
2024-07-23,ETH,3157.58,3256.69,3123.0,3210.0,5139.82722041
2024-07-22,ETH,3242.55,3268.69,3143.73,3159.37,3311.99953849
2024-07-21,ETH,3230.13,3254.0,3131.74,3243.51,1616.42137642
2024-07-20,ETH,3221.51,3251.48,3198.23,3229.45,1418.64231243
2024-07-19,ETH,3142.98,3256.13,3102.17,3220.21,3333.52342462
2024-07-18,ETH,3097.49,3196.66,3087.22,3143.65,1738.92826657
2024-07-17,ETH,3160.91,3228.84,3091.42,3097.83,2455.40614158
2024-07-16,ETH,3202.02,3212.0,3070.62,3160.15,3096.98223139
2024-07-15,ETH,2981.52,3208.0,2971.41,3198.35,3652.49356068
2024-07-14,ETH,2911.31,3004.8,2902.0,2982.06,1971.03984235
2024-07-13,ETH,2874.95,2936.25,2855.58,2910.52,1218.25351616
2024-07-12,ETH,2851.9,2898.01,2795.96,2874.91,2791.07248277
2024-07-11,ETH,2861.81,2950.0,2819.73,2850.21,3675.23783305
2024-07-10,ETH,2834.37,2911.0,2796.77,2862.28,3639.79972398
2024-07-09,ETH,2783.02,2869.49,2767.69,2834.23,4102.98627247
2024-07-08,ETH,2705.94,2857.74,2608.0,2782.21,6135.29365111
2024-07-07,ETH,2826.65,2830.86,2699.11,2707.17,2042.43096267
2024-07-06,ETH,2751.92,2837.89,2727.79,2826.44,2816.93609679
2024-07-05,ETH,2831.43,2874.35,2597.21,2751.9,7791.00003272
2024-07-04,ETH,3052.06,3068.17,2822.79,2830.78,4161.81308251
2024-07-03,ETH,3179.36,3189.58,3012.21,3050.81,3112.64285418
2024-07-02,ETH,3202.19,3224.44,3166.51,3179.79,1911.98156428
2024-07-01,ETH,3199.02,3275.0,3185.38,3203.23,2980.60450107
2024-06-30,ETH,3150.45,3218.38,3127.65,3198.52,1753.81871347
2024-06-29,ETH,3153.82,3179.27,3145.14,3151.76,1089.91845968
2024-06-28,ETH,3217.97,3260.0,3138.82,3151.78,3038.7091197
2024-06-27,ETH,3153.87,3241.52,3144.29,3218.62,3164.73575345
2024-06-26,ETH,3169.67,3196.97,3111.45,3153.54,2578.55416905
2024-06-25,ETH,3122.96,3200.0,3108.82,3169.62,2193.30122784
2024-06-24,ETH,3198.48,3212.18,3014.81,3122.72,5063.01726596
2024-06-23,ETH,3262.57,3287.44,3185.11,3198.7,1216.99477711
2024-06-22,ETH,3291.0,3293.71,3249.36,3263.59,898.83478188
2024-06-21,ETH,3280.31,3316.01,3221.56,3291.08,3498.3492764
2024-06-20,ETH,3313.49,3377.58,3253.82,3280.82,2596.86280957
2024-06-19,ETH,3244.58,3339.87,3228.68,3314.04,3048.27757392
2024-06-18,ETH,3268.94,3272.51,3126.55,3244.27,3731.05531271
2024-06-17,ETH,3385.45,3397.49,3231.1,3268.48,3282.59149887
2024-06-16,ETH,3332.37,3410.37,3308.24,3385.25,1688.29486478
2024-06-15,ETH,3256.66,3358.66,3245.51,3332.63,2149.14079937
2024-06-14,ETH,3230.07,3298.18,3145.43,3255.32,3322.58993608
2024-06-13,ETH,3293.1,3294.2,3188.0,3231.19,3407.55592338
2024-06-12,ETH,3259.03,3380.2,3226.06,3292.58,3747.5905588
2024-06-11,ETH,3403.43,3409.64,3195.98,3257.89,6736.16991423
2024-06-10,ETH,3440.33,3455.33,3385.0,3404.34,2298.97812748
2024-06-09,ETH,3413.61,3456.2,3400.01,3440.31,2315.21557677
2024-06-08,ETH,3407.27,3438.42,3392.9,3414.43,1730.6765665
2024-06-07,ETH,3500.49,3538.0,3315.32,3408.3,4115.43852247
2024-06-06,ETH,3553.24,3559.61,3452.4,3500.11,2569.11684521
2024-06-05,ETH,3499.53,3572.3,3470.79,3553.19,2801.55470074
2024-06-04,ETH,3453.3,3521.01,3419.37,3499.15,2886.27525599
2024-06-03,ETH,3482.64,3546.45,3447.53,3454.14,2719.76267445
2024-06-02,ETH,3515.36,3536.67,3457.79,3484.69,1703.04815811
2024-06-01,ETH,3467.94,3531.55,3456.62,3515.47,1368.78652444
2024-05-31,ETH,3459.38,3541.97,3432.76,3466.73,3345.98633364
2024-05-30,ETH,3483.73,3526.85,3424.17,3459.72,2809.69804766
2024-05-29,ETH,3539.71,3578.55,3461.02,3483.14,3846.65012835
2024-05-28,ETH,3581.75,3610.86,3472.39,3540.26,3891.52533934
2024-05-27,ETH,3526.77,3658.41,3522.9,3581.75,3924.73245198
2024-05-26,ETH,3459.19,3578.46,3442.69,3526.15,2377.3203272
2024-05-25,ETH,3438.33,3484.71,3422.95,3458.95,1451.78447886
2024-05-24,ETH,3497.65,3540.88,3353.79,3439.45,4677.92386973
2024-05-23,ETH,3453.5,3636.98,3260.01,3499.17,8840.67275787
2024-05-22,ETH,3478.3,3505.74,3368.0,3450.91,4816.55762379
2024-05-21,ETH,3358.34,3528.0,3093.0,3477.77,11397.44483574
2024-05-20,ETH,2823.87,3389.79,2802.8,3357.19,8365.24410463
2024-05-19,ETH,2876.46,2886.45,2809.07,2823.47,1374.98734972
2024-05-18,ETH,2846.02,2896.11,2839.54,2874.77,1569.13020796
2024-05-17,ETH,2709.24,2871.48,2701.66,2845.67,3382.04826959
2024-05-16,ETH,2782.36,2791.09,2689.92,2709.71,3778.49574218
2024-05-15,ETH,2665.91,2790.76,2646.79,2784.52,4923.49179775
2024-05-14,ETH,2732.98,2743.62,2644.76,2663.98,4983.65554143
2024-05-13,ETH,2721.16,2778.43,2660.0,2733.55,4130.01086806
2024-05-12,ETH,2705.17,2743.62,2695.0,2719.32,1389.38503952
2024-05-11,ETH,2705.06,2738.0,2683.0,2705.91,1669.78610166
2024-05-10,ETH,2816.86,2831.9,2673.14,2705.13,3599.7780449
2024-05-09,ETH,2766.96,2837.46,2746.19,2817.04,2231.98373659
2024-05-08,ETH,2796.25,2828.76,2735.0,2767.8,3290.71028465
2024-05-07,ETH,2844.27,2909.9,2790.11,2796.43,3294.59104607
2024-05-06,ETH,2915.58,2990.5,2828.93,2844.1,4477.87598081
2024-05-05,ETH,2897.83,2948.0,2858.0,2915.95,2216.45749068
2024-05-04,ETH,2886.91,2944.32,2876.52,2897.81,2078.06451362
2024-05-03,ETH,2784.05,2909.1,2756.5,2886.65,3798.04897547
2024-05-02,ETH,2769.65,2815.99,2699.12,2783.99,4928.32404822
2024-05-01,ETH,2824.28,2831.91,2636.7,2770.12,8326.27041359
2024-04-30,ETH,3000.67,3031.08,2732.79,2823.98,7253.86720228
2024-04-29,ETH,3047.27,3068.73,2913.25,3000.35,3948.12482238
2024-04-28,ETH,3044.91,3140.31,3038.63,3047.19,2818.97764016
2024-04-27,ETH,2929.88,3073.37,2871.6,3045.29,2944.39542808
2024-04-26,ETH,2943.96,2959.58,2903.71,2928.48,2716.116948
2024-04-25,ETH,2934.62,2975.0,2865.0,2943.3,4681.40602699
2024-04-24,ETH,3007.54,3082.15,2903.19,2935.5,3437.29157131
2024-04-23,ETH,3004.72,3057.36,2953.0,3008.18,2826.81792939
2024-04-22,ETH,2955.71,3037.38,2935.81,3005.69,3037.59940051
2024-04-21,ETH,2967.76,3003.66,2928.0,2956.07,2100.23593597
2024-04-20,ETH,2873.19,2982.61,2838.0,2967.94,2085.15687458
2024-04-19,ETH,2882.65,2940.0,2700.72,2872.72,5315.75026543
2025-04-03,SOL,107.68,110.8,106.71,109.91,14385.839
2025-04-02,SOL,117.2,124.76,107.51,107.67,89782.543
2025-04-01,SOL,115.07,120.67,114.38,117.34,53552.895
2025-03-31,SOL,115.33,118.29,113.37,115.1,56345.239
2025-03-30,SOL,115.08,117.42,113.68,115.35,27998.627
2025-03-29,SOL,119.63,120.57,113.39,115.09,39018.517
2025-03-28,SOL,128.15,128.81,117.99,119.6,56220.902
2025-03-27,SOL,129.25,129.29,127.86,128.16,1576.199
2025-03-26,SOL,133.24,134.87,126.54,127.91,49900.029
2025-03-25,SOL,130.49,136.49,127.95,133.22,51718.533
2025-03-24,SOL,122.48,134.24,121.91,130.58,57886.006
2025-03-23,SOL,118.62,123.86,118.51,122.47,18046.631
2025-03-22,SOL,118.71,121.85,118.16,118.74,17959.037
2025-03-21,SOL,117.47,120.24,115.38,118.71,32820.633
2025-03-20,SOL,124.09,124.75,116.7,117.48,33534.227
2025-03-19,SOL,114.56,124.74,113.48,124.05,47964.607
2025-03-18,SOL,117.14,117.3,111.65,114.54,44299.18
2025-03-17,SOL,115.92,119.63,115.02,117.36,34842.346
2025-03-16,SOL,125.07,125.78,115.11,115.94,44786.742
2025-03-15,SOL,122.91,125.71,121.8,125.09,20896.771
2025-03-14,SOL,113.69,125.01,113.33,122.84,53474.032
2025-03-13,SOL,116.16,118.5,111.28,113.64,47919.082
2025-03-12,SOL,114.93,120.46,111.26,116.39,67880.163
2025-03-11,SOL,109.14,117.59,103.31,114.9,86061.903
2025-03-10,SOL,116.52,121.38,106.58,109.09,84377.067
2025-03-09,SOL,126.41,129.1,115.56,116.39,53928.24
2025-03-08,SOL,128.45,130.24,124.99,126.46,24984.949
2025-03-07,SOL,133.02,139.12,125.23,128.46,82072.09
2025-03-06,SOL,135.6,141.73,132.07,132.91,82331.829
2025-03-05,SOL,136.36,140.05,130.34,135.62,83719.169
2025-03-04,SOL,135.26,138.3,124.18,136.36,136878.89
2025-03-03,SOL,171.93,172.39,132.68,135.53,147759.31
2025-03-02,SOL,138.63,174.29,135.1,171.91,147894.027
2025-03-01,SOL,142.65,145.55,133.62,138.61,45076.363
2025-02-28,SOL,132.33,143.23,120.74,142.67,113598.121
2025-02-27,SOL,129.12,136.33,128.56,132.27,59891.968
2025-02-26,SOL,137.16,138.07,124.38,129.11,81337.369
2025-02-25,SOL,135.58,139.86,125.79,137.16,185088.349
2025-02-24,SOL,160.46,161.89,131.66,135.56,114200.751
2025-02-23,SOL,164.43,165.48,159.06,160.39,17153.358
2025-02-22,SOL,161.27,166.91,160.67,164.52,23604.185
2025-02-21,SOL,167.96,172.52,159.72,161.42,46591.734
2025-02-20,SOL,162.03,169.01,160.78,167.84,36797.347
2025-02-19,SOL,162.04,167.03,156.72,162.0,62145.03
2025-02-18,SOL,169.34,171.08,153.93,161.94,118697.918
2025-02-17,SOL,179.66,180.72,166.75,169.34,77628.241
2025-02-16,SOL,185.56,187.2,178.0,179.68,41677.296
2025-02-15,SOL,190.17,191.04,183.8,185.58,23133.323
2025-02-14,SOL,185.88,195.5,185.62,190.17,43089.72
2025-02-13,SOL,189.46,190.42,182.0,185.73,42415.786
2025-02-12,SOL,190.81,191.7,182.31,189.42,53946.916
2025-02-11,SOL,194.66,200.09,188.32,191.07,48508.639
2025-02-10,SOL,194.67,202.72,190.22,194.7,49006.855
2025-02-09,SOL,193.76,200.93,188.2,194.53,47206.729
2025-02-08,SOL,186.13,194.81,183.99,193.71,34862.25
2025-02-07,SOL,182.45,196.13,182.26,186.14,74015.97
2025-02-06,SOL,188.65,196.42,180.62,182.53,68100.506
2025-02-05,SOL,199.24,201.87,187.67,188.65,70901.573
2025-02-04,SOL,209.77,213.51,195.18,199.39,88945.803
2025-02-03,SOL,198.57,212.1,172.03,209.83,149295.422
2025-02-02,SOL,205.84,211.79,188.02,198.71,123657.825
2025-02-01,SOL,223.7,226.07,205.8,206.05,43246.743
2025-01-31,SOL,229.14,232.85,220.14,223.73,51032.836
2025-01-30,SOL,219.15,234.51,217.58,229.17,55755.266
2025-01-29,SOL,217.49,228.9,214.07,218.98,62791.918
2025-01-28,SOL,225.09,233.83,215.68,217.64,53990.339
2025-01-27,SOL,229.7,231.8,210.51,225.08,112173.507
2025-01-26,SOL,244.39,247.89,229.64,229.82,49999.607
2025-01-25,SOL,241.59,248.77,234.84,244.73,46725.372
2025-01-24,SOL,243.19,257.9,236.9,241.48,68414.311
2025-01-23,SOL,247.15,248.17,232.66,243.13,69276.729
2025-01-22,SOL,240.27,261.03,238.52,247.33,58233.541
2025-01-21,SOL,232.31,249.61,221.9,240.68,58682.773
2025-01-20,SOL,245.78,265.45,222.97,232.26,172983.004
2025-01-19,SOL,254.52,287.0,231.41,245.72,244860.673
2025-01-18,SOL,213.21,261.99,211.01,254.5,250268.954
2025-01-17,SOL,204.98,215.75,203.61,213.19,78661.894
2025-01-16,SOL,200.0,211.28,192.67,204.8,85927.438
2025-01-15,SOL,182.13,200.0,180.28,200.0,63907.681
2025-01-14,SOL,178.18,185.3,177.48,182.1,40857.546
2025-01-13,SOL,184.0,187.45,165.5,178.17,67958.432
2025-01-12,SOL,183.42,186.38,180.78,183.92,20160.29
2025-01-11,SOL,183.37,187.15,179.84,183.49,27156.204
2025-01-10,SOL,179.92,187.72,179.25,183.36,45042.196
2025-01-09,SOL,191.44,193.06,176.94,179.85,50573.982
2025-01-08,SOL,195.38,196.52,183.01,191.66,63690.373
2025-01-07,SOL,210.28,211.19,195.23,195.58,51990.422
2025-01-06,SOL,207.15,214.87,205.26,210.22,39143.06
2025-01-05,SOL,210.24,212.45,205.15,207.1,17068.055
2025-01-04,SOL,211.47,211.58,207.25,210.18,20183.344
2025-01-03,SOL,202.73,213.55,200.1,211.52,48431.783
2025-01-02,SOL,187.46,203.84,186.52,202.74,46644.683
2025-01-01,SOL,182.24,188.33,181.36,187.32,17965.343
2024-12-31,SOL,183.59,192.09,180.5,182.39,21220.551
2024-12-30,SOL,181.58,188.78,178.7,183.57,29652.211
2024-12-29,SOL,187.08,189.11,180.45,181.59,19039.003
2024-12-28,SOL,176.6,187.7,176.24,187.15,16382.666
2024-12-27,SOL,180.45,186.5,175.2,176.56,28185.005
2024-12-26,SOL,189.92,192.0,179.07,180.63,34575.44
2024-12-25,SOL,189.52,194.02,187.68,189.89,32538.387
2024-12-24,SOL,182.48,191.43,178.66,189.49,48608.605
2024-12-23,SOL,172.96,185.83,169.17,182.51,88149.709
2024-12-22,SOL,174.4,180.37,169.64,172.99,50147.765
2024-12-21,SOL,186.79,194.26,171.5,174.22,53795.731
2024-12-20,SOL,187.14,192.64,168.23,186.66,128626.346
2024-12-19,SOL,199.52,204.17,180.13,186.97,79760.74
2024-12-18,SOL,212.82,215.26,197.77,199.52,61184.853
2024-12-17,SOL,205.32,217.97,200.79,212.61,41081.927
2024-12-16,SOL,213.0,215.0,202.92,205.34,58617.194
2024-12-15,SOL,209.19,213.96,205.33,212.89,23883.973
2024-12-14,SOL,213.82,216.44,204.87,209.33,25409.033
2024-12-13,SOL,216.71,218.1,210.31,213.95,37303.299
2024-12-12,SOL,216.38,223.43,214.83,216.53,40219.091
2024-12-11,SOL,203.11,219.96,201.21,216.48,57984.926
2024-12-10,SOL,205.2,209.55,193.31,203.04,89083.083
2024-12-09,SOL,224.38,224.46,192.0,205.49,77017.292
2024-12-08,SOL,225.18,228.34,220.72,224.27,39698.356
2024-12-07,SOL,224.2,230.48,221.75,225.14,61290.3
2024-12-06,SOL,223.17,233.7,218.35,224.3,81174.337
2024-12-05,SOL,217.93,232.36,212.17,223.14,88533.729
2024-12-04,SOL,222.69,229.14,213.41,218.02,43546.334
2024-12-03,SOL,215.14,228.19,204.08,222.63,73195.628
2024-12-02,SOL,224.4,225.95,209.76,215.11,54519.237
2024-12-01,SOL,224.59,226.75,221.08,224.42,26450.464
2024-11-30,SOL,230.11,231.8,224.51,224.64,18456.566
2024-11-29,SOL,225.03,233.94,224.0,230.07,33798.848
2024-11-28,SOL,229.35,232.62,220.7,224.99,23363.189
2024-11-27,SOL,219.78,230.54,217.14,229.25,47800.345
2024-11-26,SOL,223.74,229.04,210.58,219.83,52069.797
2024-11-25,SOL,241.09,244.99,219.82,224.02,55554.741
2024-11-24,SOL,243.28,248.0,229.64,240.99,40317.241
2024-11-23,SOL,246.02,252.0,241.04,243.27,44117.691
2024-11-22,SOL,243.97,251.0,240.0,246.1,64128.729
2024-11-21,SOL,222.97,247.34,218.0,244.05,99204.722
2024-11-20,SOL,224.43,229.95,217.94,222.92,58669.908
2024-11-19,SOL,226.43,234.31,220.62,224.38,67020.592
2024-11-18,SOL,224.69,235.44,221.26,226.41,77980.579
2024-11-17,SOL,203.92,228.6,200.76,224.77,93973.331
2024-11-16,SOL,207.0,210.0,201.84,204.08,29540.997
2024-11-15,SOL,198.77,208.87,194.1,206.85,48133.478
2024-11-14,SOL,203.04,211.73,196.4,198.81,56451.493
2024-11-13,SOL,197.93,207.39,188.62,203.1,73439.691
2024-11-12,SOL,206.29,210.47,185.0,198.24,100593.106
2024-11-11,SOL,195.68,208.44,190.05,206.27,92901.55
2024-11-10,SOL,186.52,200.22,183.03,195.41,78111.122
2024-11-09,SOL,186.55,189.98,182.01,186.48,33397.489
2024-11-08,SOL,182.0,190.88,181.48,186.58,50809.996
2024-11-07,SOL,173.74,183.3,172.34,181.92,49819.169
2024-11-06,SOL,152.71,176.92,152.57,173.78,93131.39
2024-11-05,SOL,145.15,155.12,144.13,152.55,31993.536
2024-11-04,SOL,149.69,151.48,142.44,145.23,29758.923
2024-11-03,SOL,153.72,153.99,145.88,149.87,23855.97
2024-11-02,SOL,153.31,155.65,149.88,153.54,14173.731
2024-11-01,SOL,154.83,160.22,150.84,153.4,22761.11
2024-10-31,SOL,161.17,162.62,153.91,155.0,24814.13
2024-10-30,SOL,165.6,167.48,159.45,161.01,28030.453
2024-10-29,SOL,164.86,169.65,162.9,165.64,39978.605
2024-10-28,SOL,163.32,166.05,159.5,164.64,36049.702
2024-10-27,SOL,158.17,164.83,157.72,163.47,28836.68
2024-10-26,SOL,152.54,160.44,150.15,158.2,19053.662
2024-10-25,SOL,163.67,163.81,147.28,152.74,38399.606
2024-10-24,SOL,158.28,165.44,158.01,163.6,36867.174
2024-10-23,SOL,155.17,161.37,151.99,158.28,36689.34
2024-10-22,SOL,153.48,158.1,150.51,155.1,33654.334
2024-10-21,SOL,153.92,157.8,148.51,153.38,37538.978
2024-10-20,SOL,146.79,154.34,144.76,153.75,32849.26
2024-10-19,SOL,142.58,146.87,141.36,146.78,15679.044
2024-10-18,SOL,138.78,144.13,138.05,142.62,16770.533
2024-10-17,SOL,142.05,143.17,136.34,138.81,21530.475
2024-10-16,SOL,142.06,145.32,140.45,142.0,22469.825
2024-10-15,SOL,143.99,146.09,137.93,142.1,27018.134
2024-10-14,SOL,135.29,144.45,134.44,143.99,36344.217
2024-10-13,SOL,133.75,136.0,131.9,135.11,17361.679
2024-10-12,SOL,133.04,134.96,132.24,133.66,14139.196
2024-10-11,SOL,127.14,133.95,126.86,132.98,24560.974
2024-10-10,SOL,127.18,128.76,124.0,127.17,24966.433
2024-10-09,SOL,130.71,132.41,126.72,127.25,23649.434
2024-10-08,SOL,131.15,132.54,128.69,130.75,19204.076
2024-10-07,SOL,133.52,138.73,130.73,131.26,36499.234
2024-10-06,SOL,129.88,133.75,129.34,133.47,12217.819
2024-10-05,SOL,130.51,132.1,128.42,129.87,11989.839
2024-10-04,SOL,123.97,131.81,123.21,130.45,37887.529
2024-10-03,SOL,126.95,129.5,120.82,123.98,47521.618
2024-10-02,SOL,131.08,134.67,125.5,127.06,41362.945
2024-10-01,SOL,137.05,141.87,128.0,131.08,53541.39
2024-09-30,SOL,142.04,143.0,136.21,137.01,32041.052
2024-09-29,SOL,140.43,144.83,138.95,141.94,27636.588
2024-09-28,SOL,141.29,142.76,138.91,140.36,15545.478
2024-09-27,SOL,139.16,144.42,137.92,141.25,42652.244
2024-09-26,SOL,132.89,141.41,131.62,139.18,36254.795
2024-09-25,SOL,136.5,137.5,132.3,132.96,24128.734
2024-09-24,SOL,130.38,137.51,128.88,136.43,38192.044
2024-09-23,SOL,129.65,133.46,127.42,130.28,23163.418
2024-09-22,SOL,133.92,134.25,126.44,129.6,21099.072
2024-09-21,SOL,131.42,134.25,129.67,133.91,12673.152
2024-09-20,SOL,128.25,136.31,126.58,131.43,46890.524
2024-09-19,SOL,120.99,129.11,120.94,128.02,37555.431
2024-09-18,SOL,118.24,120.89,114.39,120.86,32047.436
2024-09-17,SOL,118.08,121.91,116.92,118.25,23470.615
2024-09-16,SOL,118.54,118.98,115.89,118.08,28000.386
2024-09-15,SOL,123.82,124.49,117.8,118.55,12387.955
2024-09-14,SOL,125.75,126.2,122.45,123.83,11081.293
2024-09-13,SOL,122.87,126.34,118.9,125.61,27228.77
2024-09-12,SOL,120.34,123.93,120.28,122.83,21542.572
2024-09-11,SOL,123.14,123.31,116.51,120.22,27793.703
2024-09-10,SOL,122.45,125.24,120.1,123.12,21889.989
2024-09-09,SOL,117.53,124.21,115.13,122.34,29019.113
2024-09-08,SOL,115.3,118.8,114.38,117.31,13959.751
2024-09-07,SOL,113.08,117.04,112.12,115.31,14648.526
2024-09-06,SOL,116.45,121.03,108.88,112.95,45604.175
2024-09-05,SOL,120.68,122.14,115.19,116.5,26922.43
2024-09-04,SOL,115.58,121.77,111.0,120.66,28150.588
2024-09-03,SOL,121.93,124.34,115.11,115.43,26951.937
2024-09-02,SOL,116.39,122.37,114.79,121.96,29208.472
2024-09-01,SOL,122.55,123.31,115.74,116.6,25097.172
2024-08-31,SOL,124.97,126.02,121.81,122.56,9258.707
2024-08-30,SOL,126.41,127.39,119.6,125.06,35985.563
2024-08-29,SOL,129.47,133.06,124.7,126.44,26347.8
2024-08-28,SOL,131.38,133.81,126.63,129.46,37659.04
2024-08-27,SOL,140.78,143.0,130.0,131.58,36207.508
2024-08-26,SOL,142.07,145.0,139.4,140.77,27264.456
2024-08-25,SOL,143.37,144.7,138.5,142.07,22429.703
2024-08-24,SOL,137.11,144.96,135.89,143.43,29148.036
2024-08-23,SOL,128.9,137.64,127.57,137.12,36475.565
2024-08-22,SOL,128.11,130.02,126.32,128.86,17970.088
2024-08-21,SOL,127.92,129.5,124.9,127.95,24443.965
2024-08-20,SOL,130.2,134.6,127.0,127.96,29952.653
2024-08-19,SOL,129.19,132.07,127.25,130.25,22355.874
2024-08-18,SOL,128.78,133.47,127.7,129.31,20982.16
2024-08-17,SOL,126.26,128.92,124.98,128.87,14165.678
2024-08-16,SOL,129.94,131.94,123.76,126.28,33822.094
2024-08-15,SOL,130.57,134.38,125.59,130.09,37898.008
2024-08-14,SOL,133.41,138.24,129.42,130.57,34010.505
2024-08-13,SOL,133.89,136.64,130.84,133.43,28315.832
2024-08-12,SOL,129.71,138.11,129.57,133.99,49222.967
2024-08-11,SOL,141.23,144.87,129.41,129.61,35429.216
2024-08-10,SOL,143.3,145.46,140.0,141.19,13497.674
2024-08-09,SOL,149.52,149.92,138.16,143.36,41394.246
2024-08-08,SOL,132.51,149.98,129.5,149.55,61999.279
2024-08-07,SOL,132.3,142.37,130.44,132.48,57019.388
2024-08-06,SOL,118.61,137.07,118.31,132.52,67752.099
2024-08-05,SOL,127.08,127.66,100.07,118.71,180510.647
2024-08-04,SOL,130.65,134.0,120.5,126.73,55516.969
2024-08-03,SOL,139.8,141.14,128.37,130.73,45531.897
2024-08-02,SOL,155.06,157.0,137.34,139.99,52180.286
2024-08-01,SOL,158.56,159.72,146.41,155.24,56972.576
2024-07-31,SOL,165.58,170.45,158.52,158.66,35178.716
2024-07-30,SOL,168.7,170.57,162.21,165.56,36094.05
2024-07-29,SOL,170.27,178.44,167.86,168.67,43887.838
2024-07-28,SOL,169.13,171.83,166.86,170.36,21955.508
2024-07-27,SOL,168.6,173.32,164.14,169.13,44092.402
2024-07-26,SOL,158.36,169.11,158.32,168.55,42041.62
2024-07-25,SOL,164.3,165.63,152.55,158.41,65580.699
2024-07-24,SOL,159.5,168.29,157.57,164.38,43308.322
2024-07-23,SOL,164.35,165.81,156.53,159.38,52907.734
2024-07-22,SOL,169.24,169.67,162.28,164.35,30737.641
2024-07-21,SOL,159.44,169.83,156.25,169.19,40875.244
2024-07-20,SOL,155.43,160.78,153.78,159.42,28249.604
2024-07-19,SOL,146.11,158.49,143.41,155.5,49974.115
2024-07-18,SOL,142.5,148.0,142.16,146.05,23038.758
2024-07-17,SOL,147.44,150.32,141.62,142.22,33835.258
2024-07-16,SOL,146.31,149.33,140.0,147.28,45157.771
2024-07-15,SOL,135.69,146.88,135.16,146.28,41572.133
2024-07-14,SOL,130.08,137.58,130.08,135.8,43230.977
2024-07-13,SOL,127.86,131.52,126.6,130.08,19822.679
2024-07-12,SOL,124.82,128.92,122.94,127.91,34372.847
2024-07-11,SOL,131.05,133.86,124.84,124.9,52423.436
2024-07-10,SOL,130.73,135.06,128.2,131.09,52531.541
2024-07-09,SOL,128.85,132.94,125.85,130.72,30605.459
2024-07-08,SOL,121.51,130.94,118.02,128.93,71759.928
2024-07-07,SOL,131.8,131.93,121.2,121.42,29857.029
2024-07-06,SOL,123.91,132.84,122.15,131.84,50010.039
2024-07-05,SOL,118.28,126.28,111.93,124.0,94450.569
2024-07-04,SOL,130.38,132.21,117.73,118.29,87110.449
2024-07-03,SOL,143.17,143.5,128.9,130.42,65273.792
2024-07-02,SOL,136.47,144.14,136.0,143.14,46234.051
2024-07-01,SOL,136.5,139.0,135.56,136.52,38689.42
2024-06-30,SOL,130.76,137.28,127.96,136.4,30435.134
2024-06-29,SOL,130.69,133.62,130.34,130.8,16631.365
2024-06-28,SOL,139.59,140.95,129.7,130.56,48876.392
2024-06-27,SOL,127.99,140.99,126.31,139.67,46999.014
2024-06-26,SOL,127.52,130.94,126.14,127.96,21163.907
2024-06-25,SOL,123.16,130.62,122.24,127.53,74306.657
2024-06-24,SOL,120.33,123.52,113.99,123.34,67625.265
2024-06-23,SOL,124.8,126.11,120.0,120.35,28955.642
2024-06-22,SOL,125.88,127.81,124.32,124.82,22915.472
2024-06-21,SOL,124.7,126.63,120.34,125.9,57260.095
2024-06-20,SOL,125.87,131.67,123.17,124.74,54958.452
2024-06-19,SOL,127.9,132.16,125.15,126.19,41673.436
2024-06-18,SOL,133.38,133.82,119.2,127.96,74576.258
2024-06-17,SOL,141.28,141.7,130.44,133.38,47199.974
2024-06-16,SOL,135.86,141.31,133.7,141.27,13092.911
2024-06-15,SOL,133.82,136.19,133.61,135.88,14372.173
2024-06-14,SOL,137.3,139.4,130.51,133.77,47908.976
2024-06-13,SOL,143.56,143.56,135.81,137.22,38318.329
2024-06-12,SOL,139.26,149.5,135.52,143.61,47918.049
2024-06-11,SOL,147.65,148.21,135.2,139.24,60292.799
2024-06-10,SOL,150.56,151.8,143.32,147.6,48640.182
2024-06-09,SOL,146.4,151.09,145.11,150.55,17312.339
2024-06-08,SOL,150.59,151.81,145.94,146.4,20962.379
2024-06-07,SOL,156.18,158.61,141.72,150.6,60102.353
2024-06-06,SOL,159.49,160.06,153.92,156.16,32636.596
2024-06-05,SOL,157.83,161.68,157.22,159.45,35552.42
2024-06-04,SOL,151.16,157.89,150.68,157.8,42206.405
2024-06-03,SOL,150.24,154.03,148.96,151.2,25673.57
2024-06-02,SOL,153.1,153.98,148.67,150.33,30265.086
2024-06-01,SOL,152.57,154.77,152.51,153.11,12482.903
2024-05-31,SOL,153.99,157.28,150.97,152.55,37524.172
2024-05-30,SOL,155.64,159.09,151.36,154.09,47954.487
2024-05-29,SOL,155.5,160.07,153.96,155.66,39767.257
2024-05-28,SOL,156.39,159.09,151.57,155.31,45275.178
2024-05-27,SOL,150.62,158.5,150.58,156.53,31548.51
2024-05-26,SOL,155.29,155.29,148.38,150.61,32010.049
2024-05-25,SOL,154.58,157.39,153.14,155.33,14862.618
2024-05-24,SOL,162.86,162.87,150.08,154.7,42187.834
2024-05-23,SOL,163.33,167.35,153.0,162.82,47319.311
2024-05-22,SOL,163.58,169.08,160.98,163.38,36633.777
2024-05-21,SOL,171.21,173.0,160.09,163.56,48979.591
2024-05-20,SOL,156.47,173.24,154.18,171.32,51852.636
2024-05-19,SOL,158.78,161.4,152.82,156.28,25654.848
2024-05-18,SOL,155.92,162.0,155.3,158.64,33923.734
2024-05-17,SOL,146.77,158.25,146.66,155.93,50143.616
2024-05-16,SOL,145.59,151.35,142.4,146.58,46650.578
2024-05-15,SOL,131.46,145.75,130.5,145.6,45065.341
2024-05-14,SOL,136.66,138.02,131.11,131.29,36902.489
2024-05-13,SOL,133.25,139.55,127.98,136.7,42149.096
2024-05-12,SOL,134.93,137.18,132.5,133.14,13656.698
2024-05-11,SOL,135.7,137.19,133.09,135.04,16603.975
2024-05-10,SOL,141.67,144.42,134.4,135.82,43852.341
2024-05-09,SOL,132.12,142.21,131.0,141.56,42937.737
2024-05-08,SOL,137.82,139.46,130.25,132.29,49470.81
2024-05-07,SOL,141.94,147.89,137.55,137.9,52173.147
2024-05-06,SOL,135.51,145.63,135.12,141.98,66882.401
2024-05-05,SOL,135.9,137.52,133.18,135.49,21425.675
2024-05-04,SOL,133.75,138.65,132.4,135.8,32106.876
2024-05-03,SOL,128.46,134.83,126.64,133.69,47210.795
2024-05-02,SOL,125.47,131.3,119.57,128.26,64293.624
2024-05-01,SOL,118.72,126.65,111.27,125.69,86829.772
2024-04-30,SOL,128.59,130.35,113.47,118.81,67339.472
2024-04-29,SOL,128.69,129.69,124.38,128.44,46002.538
2024-04-28,SOL,132.19,135.17,128.03,128.87,36549.357
2024-04-27,SOL,130.21,133.77,124.47,132.25,38089.991
2024-04-26,SOL,135.08,136.47,129.84,130.2,39695.98
2024-04-25,SOL,137.74,139.72,132.9,135.09,47208.172
2024-04-24,SOL,144.95,149.32,136.03,138.15,61125.267
2024-04-23,SOL,147.41,149.56,143.43,144.63,49550.062
2024-04-22,SOL,139.77,148.68,137.6,147.39,44878.352
2024-04-21,SOL,142.07,144.22,137.88,139.6,24062.318
2024-04-20,SOL,133.76,143.28,131.34,142.12,37243.208
2024-04-19,SOL,133.59,138.51,121.18,133.93,71908.616
