date,title,currency
2025-01-15,Ethereum (ETH) Price Prediction for March 30,Ethereum
2025-01-15,Pre-Mine Ethereum Address Suddenly Activated,Ethereum
2025-01-15,Ethereum (ETH) Awaiting Crucial Crossover: Details,Ethereum
2025-01-15,Ethereum (ETH) Price Prediction for March 29,Ethereum
2025-01-15,"Ethereum (ETH) Founder Vitalik Buterin Bets on Open Source Funding, Not Public Goods",Ethereum
2025-01-15,"Ethereum (ETH) Whales Close to Liquidation, $238 Million to Be Erased",Ethereum
2025-01-15,"'Is $1,000 Next?': Bloomberg's McGlone Queries Latest Ethereum Sell-Off",Ethereum
2025-01-15,Ethereum Crashes 74% Against Bitcoin; Is Reversal Imminent?,Ethereum
2025-01-15,"Shiba Inu (SHIB): Bulls in Control Now? Bitcoin (BTC) in Great Spot, Ethereum (ETH): Major Bearish Signal, But There's Silver Lining ",Ethereum
2025-01-15,"BlockDAG (BDAG) Pre-Sale Hits Beta Testnet Launch as Ethereum (ETH), Shiba Inu (SHIB) Struggling with Pressure",Ethereum
2025-01-15,"10.84 Million Ethereum (ETH) in 24 Hours, What Are Bulls up To?",Ethereum
2025-01-15,"Is XRP Price Ready for $3? Ethereum (ETH) Seeing $2,000 Test, Shiba Inu (SHIB) 1.5 Trillion Whale Pump Recorded",Ethereum
2025-01-15,Ethereum Adoption Grows With Launch of Bank-Issued Stablecoin,Ethereum
2025-01-15,Ethereum (ETH) Price Prediction for March 24,Ethereum
2025-01-15,"Bitcoin (BTC) Invalidates Crucial Price Setup, XRP Faces 50 and 100 Day Squeeze, Ethereum (ETH) Finally Bounces Back?",Ethereum
2025-01-15,Ethereum (ETH) Price Prediction for March 22,Ethereum
2025-01-15,Ethereum (ETH) Fees Plummet 50% as Network Activity Slowdown Sparks Concerns,Ethereum
2025-01-15,"New Key Date for XRP Holders Just Emerged, Major Exchange Lists ADA and Coinbase Ethereum for Futures Collateral, Billions of SHIB Purchased by Major Dormant ETH Whale: Crypto News Digest by U.Today",Ethereum
2025-01-15,"Is $3 XRP Possible? Bitcoin (BTC) Makes Biggest Breakout in 2025, Ethereum (ETH) Finally Above $2,000",Ethereum
2025-01-15,New Ethereum ETF Staking Proposal Filed by NYSE ,Ethereum
2025-01-15,Billions of Shiba Inu (SHIB) Acquired by Major Dormant Ethereum Whale,Ethereum
2025-01-15,Major Exchange Lists Cardano (ADA) and Coinbase Ethereum for Futures Collateral,Ethereum
2025-01-15,"BlockDAG (BDAG) Enters New Roadmap Phase as Shiba Inu (SHIB), Ethereum (ETH) Price Metrics Consolidate",Ethereum
2025-01-15,Ethereum (ETH) Price Prediction for March 19,Ethereum
2025-01-15,Consensus 2025,Ethereum
2025-01-15,Ethereum ETFs Hemorrhage $50 Million ,Ethereum
2025-01-15,Ethereum (ETH) Developers Launch Hoodi Testnet and Prepare Pectra for Mainnet Launch in May,Ethereum
2025-01-15,"Shiba Inu (SHIB) Reaches Crucial Price Test, Ethereum (ETH) Eyeing $2,000 Again, Can XRP Avoid This Grim Movement?",Ethereum
2025-01-15,Standard Chartered Dramatically Reduces Ethereum (ETH) Price Target ,Ethereum
2025-01-15,Ethereum (ETH) Price Prediction for March 17,Ethereum
2025-01-15,Solana vs. Ethereum: Eight Parameters Compared by Crypto Expert,Ethereum
2025-01-15,"XRP Already Recovered 20%, Enormous Ethereum (ETH) Selling Volume Before $2,000, Sixth Shiba Inu (SHIB) Recovery Attempt: Another Crash?",Ethereum
2025-01-15,"XRP Flips Ethereum in Fully Diluted Valuation, Here's Implication",Ethereum
2025-01-15,XRP vs. Ethereum (ETH): Ripple CTO Clears up Major Sale Misconception,Ethereum
2025-01-15,"No, Ethereum (ETH) Is Not Dead, Says Top Analyst",Ethereum
2025-01-15,"Ethereum Risks Drop to $1,400, Mirroring 2020 Crash, Crypto Trader Warns",Ethereum
2025-01-15,Ethereum ETFs Log Nearly $22 Million Worth of Outflows,Ethereum
2025-01-15,"Solana (SOL) Death Cross Incoming, Dogecoin (DOGE) Hits Last Possible Support, Ethereum (ETH) Says Goodbye to $2,000 ",Ethereum
2025-01-15,Fidelity Files for Staking on Ethereum ETF Product,Ethereum
2025-01-15,"Ethereum Foundation Makes 30,098 ETH Liquidation Play on Maker: Details",Ethereum
2025-01-15,Ethereum (ETH) Price Prediction for March 11,Ethereum
2025-01-15,Tron Founder Justin Sun Issues Crucial Ethereum Warning: Details,Ethereum
2025-01-15,Ethereum (ETH) Price Prediction for March 10,Ethereum
2025-01-15,Consensys CEO Says Ethereum Must Remain Neutral ,Ethereum
2025-01-15,"Ethereum (ETH): $2,000 Might Be Lost Today",Ethereum
2025-01-15,Ethereum (ETH) Price Prediction for March 7,Ethereum
2025-01-15,"XRP's $2.50 Price Breakout Still Questionable, Dogecoin (DOGE) Hits Major Support Again, Ethereum (ETH) Not Okay",Ethereum
2025-01-15,Ethereum (ETH) Price Prediction for March 5,Ethereum
2025-01-15,"XRP: 24% Retrace is Mind-Blowing, Ethereum (ETH) Looks Even Worse Than Before, Cardano (ADA): Biggest Volatility Surge in Years ",Ethereum
2025-01-15,Solana Flips Ethereum Again as DEX Volume Hits $3.99 Billion,Ethereum
2025-01-15,Arcium’s ‘Encrypted Ecosystem’ Established To Accelerate Private Computation,Ethereum
2025-01-15,BloFin Becomes Title Sponsor of TOKEN2049 Dubai and Hosts the Inaugural Whale’s Rave: Arcadia Afterparty,Ethereum
2025-01-15,Aster Emerges: Astherus Rebrands to Lead Decentralized Perpetual Trading,Ethereum
2025-01-15,Nebula Stride Announces Major Developments as NST Presale Gains Traction,Ethereum
2025-01-15,Ripple v. SEC: How Will New Developments Affect XRP Price?,Ethereum
2025-01-15,Stellar Lumen (XLM) Price Prediction 2025,Ethereum
2025-01-15,What is DeSci: Guide on Decentralized Science in Crypto,Ethereum
2025-01-15,Top 10 Crypto Media Outlets Enter 2025: Latest Similarweb Data Update,Ethereum
